js1001,male,Jerry Lewis,Motion pictures,6821 Hollywood Blvd.,Sep 17 1949,707 940 1608
tn9286,male,Tom Brown,Motion pictures,1648 Vine Street,Apr 14 1944,805 567 3619
jn6217,undefined,J. M. Kerrigan,Motion pictures,6621 Hollywood Blvd.,Dec 28 1960,209 237 6455
dl2875,male,Dick Whittinghill,Radio,6384 Hollywood Blvd.,Feb 8 1920,415 680 7467
gl3992,male,George Segal,Television,6433 Hollywood Blvd.,Sep 19 1957,559 857 2684
en6345,female,Eve Arden,Radio,6329 Hollywood Blvd.,Feb 13 1926,805 591 8472
at5227,female,Amy Grant,Recording,6901 Hollywood Blvd.,Mar 8 1935,925 321 1500
de3766,male,Don Ameche,Television,6101 Hollywood Blvd.,Mar 16 1906,650 175 8292
js2070,male,John Sturges,Motion pictures,6511 Hollywood Blvd.,Jul 27 1937,951 908 8134
zi7765,undefined,Zino Francescatti,Recording,6704 Hollywood Blvd.,Oct 8 1976,818 223 6040
dn2683,male,Dave O'Brien,Motion pictures,6251 Hollywood Blvd.,Dec 3 1971,707 869 5442
tn9815,male,Thomas Meighan,Motion pictures,1719 Vine Street,Apr 22 1946,510 126 5338
bg5098,male,B.B. King,Recording,6771 Hollywood Blvd.,May 22 1989,707 456 6697
sk2254,undefined,Sissy Spacek,Motion pictures,6834 Hollywood Blvd.,Feb 20 1960,949 292 5422
ey3949,male,Eddie Foy,Motion pictures,1725 Vine Street,May 6 1929,650 186 8536
jl1601,male,Jon Hall,Television,6933 Hollywood Blvd.,Nov 16 1966,858 704 8456
ge4312,male,Gary Sinise,Television,6664 Hollywood Blvd.,Apr 10 1996,714 157 5406
er3315,female,Edna May Oliver,Motion pictures,1623 Vine Street,Mar 9 1933,408 885 6780
be8887,male,Bob Hope,Motion pictures,6541 Hollywood Blvd.,Aug 17 1981,760 461 6904
jl8446,male,Jon Hall,Motion pictures,1724 Vine Street,Sep 18 1921,626 304 3732
pz8310,female,Penelope Cruz,Motion pictures,6834 Hollywood Blvd.,Oct 2 1972,213 972 5117
wr5192,male,Warner Baxter,Motion pictures,6284 Hollywood Blvd.,Feb 9 1976,213 954 9516
te1625,male,Tito Puente,Recording,6933 Hollywood Blvd.,Sep 24 1959,323 456 8813
je2401,male,Jack Lescoulie,Television,6500 Hollywood Blvd.,Feb 2 1981,213 196 4069
jn3461,male,Jerry Herman,Live performance,7095 Hollywood Blvd.,Dec 16 1965,408 652 2920
co4856,male,Cesar Romero,Television,1719 Vine Street,Aug 8 1949,909 787 9970
bd9037,male,Bill Burrud,Television,6777 Hollywood Blvd.,Dec 3 1980,209 804 4208
fa8637,male,Fred Travalena,Live performance,7018 Hollywood Blvd.,Sep 4 1981,562 393 9995
an3510,male,Alan Menken,Motion pictures,6834 Hollywood Blvd.,Aug 26 1901,559 716 4936
dn7156,male,Dean Martin,Recording,1617 Vine Street,Jan 18 1963,619 137 3526
bk3920,female,Barbara Stanwyck,Motion pictures,1751 Vine Street,Mar 6 1919,408 268 2695
dy3179,undefined,DeForest Kelley,Motion pictures,7021 Hollywood Blvd.,Oct 7 1908,661 482 4772
lo4034,male,Leo Carrillo,Motion pictures,1635 Vine Street,Jun 21 1905,909 435 8121
cr9818,male,Clint Walker,Television,1505 Vine Street,Mar 28 1980,559 963 4980
ay1066,female,Anne Shirley,Motion pictures,7018 Hollywood Blvd.,Dec 9 1954,831 892 4583
we2563,male,William Dieterle,Motion pictures,6901 Hollywood Blvd.,Jul 7 1967,661 529 1506
fe7349,male,Fred Astaire,Motion pictures,6756 Hollywood Blvd.,Mar 22 1990,858 710 3537
jn2904,male,Jack Carson,Television,1560 Vine Street,Feb 22 1940,310 281 3927
se2126,undefined,Slim Summerville,Motion pictures,6409 Hollywood Blvd.,Jun 28 1948,619 332 1406
cn2698,male,Carey Wilson,Motion pictures,6301 Hollywood Blvd.,Aug 13 1907,707 137 2400
wg2405,male,William Steinberg,Recording,1645 Vine Street,Mar 15 1927,949 752 4133
ae9702,male,Arthur Lake,Radio,6646 Hollywood Blvd.,Jan 5 1997,858 344 2802
re3279,male,Richard Thorpe,Motion pictures,6101 Hollywood Blvd.,Oct 11 1903,510 553 2804
we2117,male,Walter O'Keefe,Radio,6153 Hollywood Blvd.,Dec 22 1962,530 704 6246
pm3556,male,Pat Buttram,Television,6382 Hollywood Blvd.,Jun 25 1959,916 814 8534
nn1075,male,Nathan Milstein,Recording,6379 Hollywood Blvd.,Aug 5 1975,916 847 4742
pl9208,female,Penny Marshall,Motion pictures,7021 Hollywood Blvd,Nov 8 1981,415 160 3205
ny6765,male,Nelson Eddy,Radio,6512 Hollywood Blvd.,Apr 21 1901,323 834 6860
ar2840,male,Albert Dekker,Television,6620 Hollywood Blvd.,Feb 15 1949,408 174 7746
wk4063,male,Wolfgang Puck,Television,6801 Hollywood Blvd.,Feb 24 1964,805 700 6798
ly9631,male,Leonard Nimoy,Motion pictures,6651 Hollywood Blvd.,Jul 1 1950,310 777 8241
ts6658,male,Theodore Roberts,Motion pictures,6166 Hollywood Blvd.,Mar 13 1952,818 578 5039
cl5436,male,Charles Farrell,Motion pictures,7021 Hollywood Blvd.,Jan 9 1931,559 583 8835
be2245,male,Barry White,Recording,6914 Hollywood Blvd.,Dec 12 1956,831 632 4664
co1585,male,Cesar Romero,Motion pictures,6615 Hollywood Blvd.,Sep 22 1904,760 171 5288
my5971,male,Matthew McConaughey,Motion pictures,6931 Hollywood Blvd.,Apr 7 1980,661 433 4553
hf4244,male,Howard Duff,Television,1623 Vine Street,Mar 20 1933,323 917 7088
jt7021,female,June Lockhart,Motion pictures,6323 Hollywood Blvd.,Apr 23 1990,310 899 1549
hn7269,undefined,Haim Saban,Television,6712 Hollywood Blvd.,Apr 3 1969,760 402 1791
dl7993,male,Don McNeill,Radio,6301 Hollywood Blvd.,Dec 17 1960,858 864 5298
ny8423,male,Nelson Eddy,Motion pictures,6311 Hollywood Blvd.,Aug 10 1978,209 350 1735
pz3555,male,Pedro Gonzalez Gonzalez,Motion pictures,1555 Vine Street,Dec 5 1977,949 685 3887
ws7544,male,Wayne Rogers,Television,7018 Hollywood Blvd.,Aug 13 1919,949 979 7790
ar6241,male,Alan Hale Sr,Motion pictures,6532 Hollywood Blvd.,Sep 14 1970,310 255 1882
jn8028,male,Johnny Carson,Television,1751 Vine Street,Aug 4 1904,213 248 2892
jd8729,female,Jayne Mansfield,Motion pictures,6328 Hollywood Blvd.,Sep 18 1987,858 395 1731
fe4872,female,Fanny Brice,Radio,1500 Vine Street,Jul 7 1961,310 557 1266
ks9335,male,Kenny Loggins,Recording,7021 Hollywood Blvd.,Dec 4 1915,323 181 1527
jn6110,undefined,Jane's Addiction,Recording,6436 Hollywood Blvd.,Apr 14 1944,925 992 4647
kr4477,female,Kim Hunter,Motion pictures,1617 Vine Street,Jun 1 1997,949 135 2148
fa7546,male,Frank Sinatra,Television,6538 Hollywood Blvd.,Jan 3 1930,213 886 4639
gd1599,female,Gale Anne Hurd,Motion pictures,6621 Hollywood Blvd.,Feb 11 1921,951 940 5643
te8978,male,Tom Moore,Motion pictures,1640 Vine Street,Oct 14 1904,213 683 7331
jt3784,female,June Knight,Motion pictures,6247 Hollywood Blvd.,Jul 3 1964,661 418 9092
ay4214,male,Art Mooney,Recording,6150 Hollywood Blvd.,Dec 0 1968,626 668 8038
ca5989,female,Carmen Zapata,Live performance,6357 Hollywood Blvd.,Oct 24 1933,408 728 9195
bs6614,female,Bette Davis,Television,6335 Hollywood Blvd.,Dec 26 1948,213 563 9888
gy1665,male,George Sidney,Motion pictures,6307 Hollywood Blvd.,Jun 21 1978,949 158 6645
ry3463,male,Robert Ripley,Radio,6400 Hollywood Blvd,Feb 11 1975,818 193 5577
re3358,male,Robert Guillaume,Television,6675 Hollywood Blvd.,Nov 6 1901,510 506 1988
je3290,male,James Cruze,Motion pictures,6922 Hollywood Blvd.,Oct 0 1971,415 898 7308
mr3792,male,Mitch Miller,Recording,7013 Hollywood Blvd.,Aug 19 1908,661 488 9910
mp3130,female,Meryl Streep,Motion pictures,7018 Hollywood Blvd.,Sep 21 1992,707 773 1458
rl7003,male,Roddy McDowall,Television,6632 Hollywood Blvd.,Sep 20 1994,213 998 6991
ts6546,undefined,The Pointer Sisters,Recording,6363 Hollywood Blvd.,Feb 19 1925,562 107 9784
me4625,female,Mary Carlisle,Motion pictures,6679 Hollywood Blvd.,Apr 14 1988,530 378 7784
vn6809,male,Vince McMahon,Television,6801 Hollywood Blvd.,Jul 24 1960,415 574 9108
go5926,male,Guy Lombardo,Television,6363 Hollywood Blvd.,Nov 6 1944,949 979 9630
dh4201,male,David Milch,Television,6840 Hollywood Blvd.,Oct 0 1980,213 925 4133
cd1085,male,Charles Bickford,Motion pictures,6780 Hollywood Blvd.,Jul 26 1921,310 727 2334
gn8461,male,George Harrison,Recording,1750 Vine Street,Sep 20 1952,209 162 7718
bs7001,female,Beverly Sills,Recording,1750 Vine Street,Jun 21 1902,951 291 1484
lr3826,male,Louis Gossett Jr,Motion pictures,7000 Hollywood Blvd.,Feb 16 1979,949 758 2150
sn9570,undefined,Stu Erwin,Television,6270 Hollywood Blvd.,Feb 20 1956,559 491 6338
je3768,male,Jack White,Motion pictures,6366 Hollywood Blvd.,Oct 10 1994,760 199 1547
jr6105,female,Jane Greer,Motion pictures,1634 Vine Street,Apr 21 1933,714 868 3036
by6671,undefined,Bugs Bunny,Motion pictures,7007 Hollywood Blvd.,Aug 11 1958,310 389 5528
ld2035,female,Leslie Howard,Motion pictures,6550 Hollywood Blvd.,Apr 8 1998,909 276 1167
ja4514,female,Judy Canova,Radio,6777 Hollywood Blvd.,Jul 23 1939,818 500 8949
lt5861,male,Lee De Forest,Motion pictures,1752 Vine Street,Apr 19 1957,951 487 3003
tn2358,male,Tony Martin,Radio,1760 Vine Street,Sep 24 1912,707 661 4965
ts5798,undefined,The Jacksons,Recording,1500 Vine Street,Sep 28 1964,760 692 1682
ll9126,undefined,Lefty Frizzell,Recording,6927 Hollywood Blvd.,Nov 28 1962,661 597 4919
ee5416,undefined,Ennio Morricone,Live performance,7065 Hollywood Blvd.,Jan 27 1993,909 844 3670
hy1607,female,Helen Reddy,Recording,1750 Vine Street,Mar 8 1956,562 278 7194
mt5830,male,Mark Burnett,Television,6664 Hollywood Blvd.,Sep 18 1984,562 142 3799
te7656,male,Ted Malone,Radio,1628 Vine Street,Mar 22 1977,310 904 2229
de6638,male,Dick Van Dyke,Television,7021 Hollywood Blvd.,Nov 2 1985,213 952 4898
ar7694,male,Art Linkletter,Television,1560 Vine Street,Jul 7 1974,949 659 2307
mn1359,male,Mark Harmon,Television,6253 Hollywood Blvd.,Jan 9 1925,925 443 3042
mn9821,male,Michael Bolton,Recording,7018 Hollywood Blvd.,Jun 15 1943,707 695 4338
py4075,female,Pearl Bailey,Recording,7080 Hollywood Blvd.,Dec 14 1974,818 745 4391
jn5697,female,Janis Joplin,Recording,6752 Hollywood Blvd.,Aug 17 1966,760 269 2865
en7412,undefined,Elmo Lincoln,Motion pictures,7042 Hollywood Blvd.,Jan 2 1982,310 153 1867
gs7205,female,Gail Davis,Television,6385 Hollywood Blvd.,Mar 17 1955,310 710 6682
lr8151,undefined,Luise Rainer,Motion pictures,6300 Hollywood Blvd.,Nov 18 1965,858 740 3679
ls4460,undefined,Lew Ayres,Radio,1724 Vine Street,May 9 1935,415 853 4194
gl4686,male,Glen Campbell,Recording,6925 Hollywood Blvd.,Jun 8 1911,415 388 6074
rr4506,undefined,Rip Taylor,Live performance,6625 Hollywood Blvd.,Apr 15 1902,949 717 6473
kr2446,male,King Vidor,Motion pictures,6743 Hollywood Blvd.,Jul 19 1939,559 105 3374
ai2283,female,Andrea Bocelli,Live performance,7000 Hollywood Blvd.,Jun 17 1917,415 770 6159
px6121,male,Pierre Monteux,Recording,1725 Vine Street,May 13 1983,310 934 8467
he1622,male,Henri Rene,Recording,1610 Vine Street,Feb 0 1918,818 647 5035
rk1261,male,Roy Clark,Recording,6840 Hollywood Blvd.,Apr 13 1985,209 744 8878
wn8629,male,Walter Pidgeon,Motion pictures,6414 Hollywood Blvd.,May 18 1913,818 612 9898
jn1007,female,Jane Froman,Recording,6145 Hollywood Blvd.,Dec 18 1960,510 108 8713
hr3017,male,Hugh Hefner,Television,7000 Hollywood Blvd.,Oct 16 1919,209 121 8002
rl9462,male,Richard Cromwell,Motion pictures,1627 Vine Street,Jun 3 1970,916 279 4056
dn7169,female,Dorothy Dalton,Motion pictures,1560 Vine Street,Jun 3 1973,858 282 8804
mt9518,female,Melissa Gilbert,Television,6429 Hollywood Blvd.,Feb 14 1994,714 280 2420
gt5201,male,George Brent,Television,1612 Vine Street,Dec 22 1973,925 194 4187
hn3528,male,Harry Ackerman,Television,6661 Hollywood Blvd.,Feb 9 1901,858 155 3931
ar6796,male,Alan Hale Jr,Television,6653 Hollywood Blvd.,May 18 1927,661 580 6861
bs9919,undefined,Beach Boys,Recording,1500 Vine Street,Feb 6 1955,818 271 6007
bs3549,female,Betty Furness,Television,6675 Hollywood Blvd.,Apr 17 1927,408 359 7667
ad6516,male,Alan Freed,Radio,6381 Hollywood Blvd.,Oct 20 1953,831 451 2693
af6926,undefined,Akim Tamiroff,Motion pictures,1634 Vine Street,Jan 26 1929,619 216 7163
fs7547,male,Freeman Gosden Amos,Radio,1777 Vine Street,Sep 26 1920,213 384 4654
jy3508,male,Jim Healy,Radio,6740 Hollywood Blvd.,Mar 10 1975,714 607 6946
ne5578,male,Nelson Riddle,Recording,6724 Hollywood Blvd.,Nov 13 1907,510 458 5246
bs7735,male,Blake Edwards,Motion pictures,6908 Hollywood Blvd.,Jan 0 1910,858 386 4194
bs8687,undefined,Backstreet Boys,Recording,7072 Hollywood Blvd.,Sep 15 1965,760 139 4285
jd4194,male,John Ford,Motion pictures,1640 Vine Street,Mar 27 1929,408 675 1773
as9077,female,Alma Rubens,Motion pictures,6409 Hollywood Blvd.,Mar 9 1912,949 969 4787
gn5079,female,Gloria Swanson,Motion pictures,6750 Hollywood Blvd.,Jan 1 1904,949 619 5972
mh7227,female,Mae Busch,Motion pictures,7021 Hollywood Blvd.,Jun 4 1914,310 487 2027
pn3403,male,Peter Jackson,Motion pictures,6801 Hollywood Blvd.,Dec 5 1992,951 554 6907
au2068,male,Al Jarreau,Recording,7083 Hollywood Blvd.,Aug 1 1978,626 863 2041
aa5756,female,Angelica Maria,Live performance,7060 Hollywood Blvd.,Dec 11 1971,310 836 5529
de4712,male,David Rose,Recording,6514 Hollywood Blvd.,Oct 13 1959,858 297 1987
cy1026,undefined,Clem McCarthy,Radio,6563 Hollywood Blvd.,Dec 8 1928,818 163 3852
re6758,male,Rod La Rocque,Motion pictures,1580 Vine Street,May 8 1935,707 544 9226
jw2785,female,Jean Harlow,Motion pictures,6910 Hollywood Blvd.,Dec 26 1973,510 343 4095
jn9742,male,John Huston,Motion pictures,1765 Vine Street,Apr 13 1908,209 809 3861
ss6024,female,Shari Lewis,Television,6743 Hollywood Blvd.,Dec 16 1963,818 686 9547
lo4616,female,Lou Costello,Television,6276 Hollywood Blvd.,Mar 24 1978,916 400 6418
ju2956,female,Joanne Dru,Television,1708 Vine Street,Sep 10 1965,949 281 7313
hy9329,male,Harry Carey,Motion pictures,1521 Vine Street,Oct 21 1928,562 456 7540
ts8378,undefined,The Beatles,Recording,7080 Hollywood Blvd.,Oct 12 1918,323 714 7175
vl2628,male,Vin Diesel,Motion pictures,7000 Hollywood Blvd.,Mar 18 1965,831 916 1575
vs5663,female,Vanessa Williams,Recording,7000 Hollywood Blvd.,Sep 12 1902,858 275 4532
bn2405,undefined,Buster Keaton,Motion pictures,6619 Hollywood Blvd.,Jun 22 1976,707 384 4992
ds7773,male,Dale Evans,Television,1737 Vine Street,Mar 27 1915,562 192 5651
me3863,female,Mona Barrie,Motion pictures,6140 Hollywood Blvd.,Sep 22 1944,650 553 8205
ao5949,female,Annette Funicello,Motion pictures,6834 Hollywood Blvd.,Jul 24 1999,831 751 4378
wy4648,male,Walt Disney,Motion pictures,7021 Hollywood Blvd.,Dec 22 1922,559 421 4497
rm5914,male,Rex Ingram,Motion pictures,1651 Hollywood Blvd.,Jul 18 1911,858 200 3708
cn9342,male,Charles Bronson,Motion pictures,6901 Hollywood Blvd.,Feb 5 1914,323 102 7922
ln5772,female,Loretta Lynn,Recording,1515 Vine Street,Dec 25 1974,831 329 7040
cs9942,undefined,Chill Wills,Motion pictures,6923 Hollywood Blvd.,Jun 26 1960,949 771 3643
wy8835,male,Wallace Beery,Motion pictures,7001 Hollywood Blvd.,Oct 28 1958,310 501 5811
rs4706,undefined,Rugrats,Television,6600 Hollywood Blvd.,May 23 1997,415 894 2268
de8109,male,Del Moore,Television,6405 Hollywood Blvd.,Jan 5 1914,415 695 1734
by5494,male,Bobby Flay,Television,6141 Hollywood Blvd.,Feb 18 1939,213 297 5450
jl2179,female,Joan Blondell,Motion pictures,6311 Hollywood Blvd.,Feb 28 1956,925 496 2278
ps3424,male,Phil Harris,Recording,6508 Hollywood Blvd,Nov 16 1950,626 983 8971
he8938,male,Harold Greene,Television,6906 Hollywood Blvd.,Aug 11 1991,510 532 3957
mr8302,male,Marvin Miller,Television,6101 Hollywood Blvd.,Feb 16 1947,619 990 9368
ks5892,male,Ken Niles,Radio,6711 Hollywood Blvd.,Mar 25 1987,707 126 1593
es3423,male,Earl Scruggs,Recording,7021 Hollywood Blvd.,Nov 15 1934,818 785 4458
cy7463,male,Charles Ray,Motion pictures,6355 Hollywood Blvd.,Mar 13 1935,949 916 4845
hi2283,male,Harry Houdini,Motion pictures,7001 Hollywood Blvd.,Jul 26 1937,530 480 9990
gy1095,male,Gene Kelly,Motion pictures,6153 Hollywood Blvd.,Nov 1 1909,805 742 7099
py9944,male,Paul Mazursky,Motion pictures,6667 Hollywood Blvd.,Sep 26 1931,661 510 7564
bi5452,male,Bernardo Bertolucci,Motion picture,6901 Hollywood Blvd.,Nov 21 1975,818 202 2996
rr3169,male,Roger Wagner,Recording,7003 Hollywood Blvd.,Oct 3 1989,510 870 3774
dn3819,female,Dolly Parton,Recording,6712 Hollywood Blvd,Jul 28 1925,530 874 4679
bn4879,male,Barry Sullivan,Motion pictures,6160 Hollywood Blvd.,Dec 9 1959,408 270 7840
vl2647,male,Vince Gill,Recording,6901 Hollywood Blvd.,May 14 1916,949 446 3992
rg7612,male,Robert Young,Television,6360 Hollywood Blvd.,Jun 7 1980,510 531 9634
ar3893,male,Art Baker,Radio,6509 Hollywood Blvd.,Jul 26 1915,818 218 1172
go8410,male,Giancarlo Esposito,Television,6351 Hollywood Blvd.,Jul 7 1900,310 266 9279
gn2235,male,George Fenneman,Television,1500 Vine Street,Jun 25 1985,760 895 2682
dd6709,male,David Copperfield,Live performance,7021 Hollywood Blvd.,Jun 6 1990,209 138 3893
kg1669,male,Kenny G,Recording,7021 Hollywood Blvd,Aug 18 1977,323 684 8141
sd4847,female,Sue Carol Ladd,Motion pictures,1639 N. Vine Street,Apr 18 1918,323 484 3994
cz1980,male,Cameron Diaz,Motion pictures,6712 Hollywood Blvd.,Apr 1 1994,760 169 2845
pn4176,male,Paul Whiteman,Radio,1601 Vine Street,Oct 13 1981,650 792 4147
bi8686,undefined,Bela Lugosi,Motion pictures,6340 Hollywood Blvd.,Oct 16 1915,818 759 7566
mk8051,female,Mildred Dunnock,Motion pictures,6613 Hollywood Blvd.,Feb 5 1999,951 617 1056
jn6475,female,Jan Clayton,Television,6200 Hollywood Blvd.,Sep 25 1948,858 623 4686
dr1772,female,Donna Summer,Recording,7000 Hollywood Blvd.,Feb 7 1968,510 181 7711
be2198,male,Bob Kane,Motion pictures,6764 Hollywood Blvd.,Jun 2 1970,818 829 9881
ek5522,male,Edward Sedgwick,Motion pictures,6801 Hollywood Blvd.,Oct 9 1952,707 246 6918
fn3334,male,Fabian,Live performance,7065 Hollywood Blvd.,Aug 24 1945,408 113 3152
ak3813,undefined,Anatole Litvak,Motion pictures,6635 Hollywood Blvd.,Jan 25 1993,805 901 8876
mg5329,male,Mark Wahlberg,Motion pictures,6259 Hollywood Blvd.,May 19 1991,909 684 2664
tn5086,male,Tim Allen,Motion pictures,6834 Hollywood Blvd.,Dec 8 1966,951 921 5284
ek9106,female,Ernestine Schumann-Heink,Recording,6640 Hollywood Blvd.,May 20 1949,831 461 4409
ae1675,undefined,Abbe Lane,Television,6385 Hollywood Blvd.,May 16 1982,805 699 2711
ks2590,female,Kathy Bates,Motion pictures,6927 Hollywood Blvd.,Jul 11 1987,310 210 2086
fh2420,undefined,Florian ZaBach,Television,6505 Hollywood Blvd.,Jun 19 1926,858 330 8482
rr6494,male,Robert Walker,Motion pictures,1709 Vine Street,Nov 20 1953,626 289 6298
fe9503,female,Fanny Brice,Motion pictures,6415 Hollywood Blvd.,Aug 2 1964,909 164 9797
er5967,male,Eddie Fisher,Recording,6241 Hollywood Blvd.,May 13 1908,213 572 6112
gn6484,male,George Benson,Recording,7055 Hollywood Blvd.,Jun 8 1939,209 275 1494
bs4725,male,Buck Jones,Motion pictures,6834 Hollywood Blvd.,Feb 26 1990,925 858 5686
jw4418,male,John Farrow,Motion pictures,6300 Hollywood Blvd.,Dec 26 1969,530 989 9911
ln6293,male,Louis Jourdan,Recording,6153 Hollywood Blvd.,Apr 3 1938,661 717 1151
jt1819,male,Joseph Schildkraut,Motion pictures,6780 Hollywood Blvd.,Sep 11 1955,408 799 1579
en8841,female,Esther Ralston,Motion pictures,6664 Hollywood Blvd.,Oct 3 1996,562 432 6086
js2675,male,Jim Nabors,Live performance,6435 Hollywood Blvd.,May 4 1936,925 853 8438
gt4160,male,George Raft,Motion pictures,6159 Hollywood Blvd.,Feb 14 1994,559 316 3357
an6530,male,Al Goodman,Recording,6300 Hollywood Blvd.,Oct 9 1943,831 802 5713
lr4653,undefined,Laird Cregar,Motion pictures,1716 Vine Street,Apr 13 1975,831 347 8513
mn3867,male,Martin Sheen,Motion pictures,1500 Vine Street,May 11 1951,213 872 2137
fn1891,male,Frank Faylen,Television,6201 Hollywood Blvd.,Jul 15 1967,323 779 5705
yo9977,female,Yvonne De Carlo,Television,6715 Hollywood Blvd.,Oct 13 1902,619 956 5977
in4572,male,Isaac Stern,Recording,6540 Hollywood Blvd.,Dec 6 1915,408 428 7132
nr9696,female,Norma Shearer,Motion pictures,6636 Hollywood Blvd.,Sep 20 1935,661 378 4929
en9202,male,Ed Wynn,Motion pictures,1541 Vine Street,Aug 5 1931,916 157 6530
hl6224,male,Herbert Marshall,Motion pictures,6200 Hollywood Blvd.,Sep 9 1941,909 708 6543
mk4766,male,Matthew Broderick,Motion pictures,6801 Hollywood Blvd.,Apr 6 1934,707 193 1341
do4524,male,Duncan Renaldo,Television,1680 Vine Street,Dec 17 1915,209 574 1469
en1682,male,Eddie Bracken,Television,6751 Hollywood Blvd.,May 11 1919,951 492 4462
dn8730,male,Dale Robertson,Television,6500 Hollywood Blvd.,Sep 28 1956,951 907 9939
rh1292,male,Roy Del Ruth,Motion pictures,6150 Hollywood Blvd.,Mar 7 1975,714 311 4027
le7574,undefined,Lurene Tuttle,Radio,1760 Vine Street,Sep 20 1980,415 226 8193
jn8088,male,Jack Nicholson,Motion pictures,6925 Hollywood Blvd.,Dec 8 1910,408 215 6564
pg2759,undefined,Pee Wee King,Recording,1715 Vine Street,Mar 13 1919,510 305 1909
ma2577,male,Mario Lanza,Recording,1751 Vine Street,Nov 13 1952,310 337 3221
lr2424,male,Laurence Olivier,Motion pictures,6319 Hollywood Blvd.,Feb 3 1941,619 708 2095
es4334,male,Earle Williams,Motion pictures,1560 Vine Street,Feb 20 1977,650 471 7924
hr5665,male,Hal Mohr,Motion pictures,6433 Hollywood Blvd.,Jul 2 1982,831 381 1848
gz8363,male,George Lopez,Television,6801 Hollywood Blvd.,Apr 11 1928,530 828 5920
ls2550,male,Lorne Michaels,Television,6627 Hollywood Blvd.,Jul 27 1916,209 244 6799
fn1552,male,Frank Morgan,Radio,6700 Hollywood Blvd.,Jul 10 1977,818 159 4646
bg6708,undefined,B. P. Schulberg,Motion pictures,1500 Vine Street,Dec 21 1950,707 475 7206
cr7876,male,Charles Boyer,Motion pictures,6300 Hollywood Blvd.,Dec 12 1948,209 966 5781
lt8614,female,Lizabeth Scott,Motion pictures,1624 Vine Street,May 7 1939,831 174 2256
br5601,male,Bob Barker,Television,6714 Hollywood Blvd.,Dec 9 1969,760 441 4486
en4351,male,Ed McMahon,Television,7000 Hollywood Blvd.,Nov 22 1981,831 498 7370
bd5713,male,Bill Boyd,Radio,6101 Hollywood Blvd,Dec 14 1920,408 714 2000
js1131,male,Jonathan Winters,Television,6290 Hollywood Blvd.,Feb 2 1951,714 326 3452
ls7626,male,Lowell Thomas,Motion pictures,6433 Hollywood Blvd.,Oct 28 1946,626 287 4320
iy8033,undefined,Igor Stravinsky,Radio,6340 Hollywood Blvd.,Feb 9 1908,510 559 3191
lk4554,male,Lawrence Welk,Recording,6613 Hollywood Blvd,Mar 14 1947,831 186 8011
rs1343,male,Robert Zemeckis,Motion pictures,6925 Hollywood Blvd.,Aug 4 1960,510 225 8644
mn9586,female,Meredith Willson,Radio,6411 Hollywood Blvd,Mar 16 1995,559 133 9548
ss7209,undefined,Scatman Crothers,Motion pictures,6712 Hollywood Blvd.,Jun 13 1993,408 873 3456
js4106,female,Joan Rivers,Television,7000 Hollywood Blvd.,May 10 1942,818 820 5130
my7355,female,Mae Murray,Motion pictures,6318 Hollywood Blvd.,Mar 1 1998,209 785 6950
ie1436,undefined,Ilka Chase,Motion pictures,6361 Hollywood Blvd.,Dec 20 1907,213 812 9324
ts9234,undefined,The Simpsons,Television,7021 Hollywood Blvd.,Mar 18 1978,650 248 1916
hh1084,male,Hal March,Radio,1560 Vine Street,Apr 4 1907,415 262 7487
zs5524,undefined,ZaSu Pitts,Motion pictures,6554 Hollywood Blvd.,Dec 4 1900,661 860 2045
be2534,female,Beatrice Lillie,Motion pictures,6404 Hollywood Blvd.,Mar 26 1907,408 609 3655
jt5779,male,Johnny Grant,Television,6915 Hollywood Blvd.,Jan 26 1928,408 598 3675
lg2910,male,Larry King,Television,6616 Hollywood Blvd.,Jul 13 1993,408 688 2017
ta3418,male,Tony Danza,Television,7000 Hollywood Blvd.,Apr 0 1977,415 821 2072
be4123,male,Barton MacLane,Television,6719 Hollywood Blvd.,May 27 1954,213 288 1315
gr9130,male,Glenn Miller,Recording,6915 Hollywood Blvd.,Apr 10 1930,858 446 4826
dy5040,male,Dave Garroway,Television,6264 Hollywood Blvd.,Jan 21 1928,619 762 6359
gs6857,male,George Burns,Live performance,6672 Hollywood Blvd.,Feb 5 1911,916 816 2016
fr5557,undefined,Farley Granger,Television,1551 Vine Street,Nov 22 1994,949 255 1599
fs3493,male,Floyd Gibbons,Radio,1631 Vine Street,Nov 17 1955,707 600 4064
de4751,female,Dolores Hope,Live performance,7021 Hollywood Blvd.,Sep 1 1955,661 913 5066
en5535,female,Ethel Merman,Motion pictures,7044 Hollywood Blvd.,Jan 6 1975,626 712 8886
gn4497,male,Guy Madison,Radio,6933 Hollywood Blvd.,Mar 26 1961,909 447 2537
lk3541,male,Lewis J. Selznick,Motion pictures,6412 Hollywood Blvd.,Jan 19 1902,323 710 5885
so2255,female,Signe Hasso,Motion pictures,7080 Hollywood Blvd.,Dec 21 1993,626 901 3440
ke1840,male,Karl Dane,Motion pictures,6140 Hollywood Blvd.,Sep 18 1997,925 138 4074
hr2781,female,Holly Hunter,Motion pictures,7000 Hollywood Blvd.,Mar 21 1914,707 574 2444
tt2480,male,Ted Knight,Television,6673 Hollywood Blvd.,Aug 13 1975,909 905 9848
mn4888,female,Marguerite Chapman,Television,6284 Hollywood Blvd.,Dec 17 1909,510 796 7468
ar5877,female,Alice Cooper,Recording,7000 Hollywood Blvd.,May 26 1911,949 423 2728
ts7107,undefined,The Smothers Brothers,Television,6555 Hollywood Blvd.,Nov 18 1951,831 324 3372
cy2089,male,Charlie Murray,Motion pictures,1719 Vine Street,Jul 22 1995,650 618 1140
rd9333,male,Robert Z. Leonard,Motion pictures,6370 Hollywood Blvd.,Mar 11 1926,714 149 3710
er3620,female,Eleanor Parker,Motion pictures,6340 Hollywood Blvd.,Feb 25 1953,323 231 4793
gn7590,female,Gale Gordon,Radio,6340 Hollywood Blvd.,Mar 28 1922,530 965 8015
be9545,male,Basil Rathbone,Motion pictures,6549 Hollywood Blvd.,Apr 6 1970,415 724 6796
hd5284,male,Hal David,Recording,6752 Hollywood Blvd.,Jun 24 1987,925 250 4479
ll4227,female,Lucille Ball,Television,6100 Hollywood Blvd.,Aug 28 1925,916 382 9314
pe4408,male,Pat Boone,Recording,1631 Vine Street,Jul 4 1981,619 684 7479
ce8812,male,Clark Gable,Motion pictures,1608 Vine Street,Sep 5 1937,562 747 4008
cn3108,undefined,Cloris Leachman,Television,6435 Hollywood Blvd.,Feb 10 1926,916 607 5429
wd4535,male,Wallace Reid,Motion pictures,6617 Hollywood Blvd,Dec 28 1902,951 901 7645
gi8749,male,George Takei,Television,6681 Hollywood Blvd.,Apr 10 1978,408 466 6540
et7537,male,Elton Britt,Recording,6936 Hollywood Blvd.,Nov 4 1900,209 837 5888
ge6147,female,Grace Moore,Motion pictures,6274 Hollywood Blvd.,Mar 26 1958,858 403 6358
ay3133,male,Arthur Godfrey,Television,1559 Vine Street,Mar 15 1999,909 156 1278
ts6914,undefined,The Nicholas Brothers,Motion pictures,7083 Hollywood Blvd.,Feb 6 1963,916 297 4408
by9928,female,Billie Holiday,Recording,1540 N. Vine Street,Jun 16 1928,559 269 5735
pi3771,undefined,Paderewski,Recording,6284 Hollywood Blvd.,Apr 20 1978,626 933 2564
bt2475,female,Bonnie Raitt,Recording,1750 N. Vine Street,Dec 6 1959,626 770 8040
rn3556,male,Rouben Mamoulian,Motion pictures,1709 Vine Street,Jul 26 1981,949 740 5754
jr8587,male,Jack Warner,Motion pictures,6541 Hollywood Blvd.,Sep 25 1917,831 149 8387
sa7580,female,Shakira,Recording,6270 Hollywood Blvd.,Oct 28 1934,323 207 4574
ge8440,male,Gordon MacRae,Radio,6325 Hollywood Blvd.,Feb 11 1937,714 345 3054
bi8053,female,Beulah Bondi,Motion pictures,1718 Vine Street,May 22 1945,831 843 4930
fd2425,male,Frank Lloyd,Motion pictures,6667 Hollywood Blvd.,Aug 6 1966,831 929 5421
rn7456,male,Richard Mulligan,Television,6777 Hollywood Blvd.,Sep 4 1907,818 966 4257
ny1799,male,Nelson Eddy,Recording,1639 Vine Street,Jul 27 1994,949 800 8461
ms6324,male,Miles Davis,Recording,7060 Hollywood Blvd.,May 9 1997,530 761 5536
ee2198,male,Edmund Lowe,Television,6601 Hollywood Blvd.,Jul 24 1950,626 506 6717
dn5235,male,Don Johnson,Television,7080 Hollywood Blvd.,May 18 1935,714 245 5674
my5249,female,Madge Kennedy,Motion pictures,1600 Vine Street,Apr 26 1905,909 757 3672
la5414,male,Louis Prima,Recording,1617 Vine Street,Nov 18 1910,209 267 1211
hr2892,female,Hedy Lamarr,Motion pictures,6247 Hollywood Blvd.,Oct 6 1903,408 763 1628
lr4055,female,Lilli Palmer,Television,7013 Hollywood Blvd.,Nov 5 1976,661 678 6487
jn3424,male,James Melton,Recording,6564 Hollywood Blvd.,Sep 1 1975,909 227 2363
jr4609,male,Jose Ferrer,Motion pictures,6541 Hollywood Blvd.,Jul 10 1931,530 841 2137
kr5626,male,Kevin Costner,Motion pictures,6801 Hollywood Blvd.,Feb 4 1904,831 942 5856
wd6924,male,Ward Bond,Television,6933 Hollywood Blvd.,Jul 3 1969,323 175 2401
er5166,male,Efrem Zimbalist Jr,Television,7095 Hollywood Blvd.,Feb 8 1924,858 318 7929
ve2096,male,Vaughn Monroe,Recording,1600 Vine Street,Jan 15 1964,209 297 9559
mn6613,undefined,Mich√®le Morgan,Motion pictures,1645 Vine Street,Jul 3 1937,310 915 1422
ve6847,female,Vanna White,Television,7018 Hollywood Blvd.,May 8 1955,661 520 5053
rs1441,male,Richard Crooks,Recording,1648 Vine Street,Oct 9 1939,714 737 6671
ls6001,undefined,Lew Ayres,Motion pictures,6385 Hollywood Blvd.,Aug 4 1962,213 763 5245
ln8371,male,Larry Semon,Motion pictures,6933 Hollywood Blvd.,Dec 22 1913,209 285 4693
br4034,male,Burt Lancaster,Motion pictures,6801 Hollywood Blvd.,Jun 27 1952,818 133 1863
gs9756,male,George Burns,Motion pictures,1639 Vine Street,Jun 11 1945,323 928 4462
hl3570,male,Henry O'Neill,Motion pictures,6801 Hollywood Blvd.,Apr 28 1973,209 293 7094
gl8294,male,Guy Mitchell,Recording,7000 Hollywood Blvd.,Oct 18 1933,310 787 4177
sn1487,male,Sid Grauman,Motion pictures,6379 Hollywood Blvd.,Mar 0 1915,530 832 1264
bh5938,male,Bill Welsh,Television,6362 Hollywood Blvd.,Mar 10 1954,831 900 2212
ca8696,female,Christina Aguilera,Recording,6901 Hollywood Blvd.,Sep 0 1984,916 775 2411
rr7964,male,Ringo Starr,Recording,1750 Vine Street,Feb 4 1931,707 811 1857
me7231,male,Monte Blue,Motion pictures,6290 Hollywood Blvd.,Jun 20 1951,619 835 6052
mn8104,female,Mitzi Green,Motion pictures,6430 Hollywood Blvd.,Oct 17 1931,925 691 9387
jt3317,male,John Gilbert,Motion pictures,1755 Vine Street,May 7 1961,415 368 5820
yo5774,female,Yvonne De Carlo,Motion pictures,6124 Hollywood Blvd.,Mar 2 1971,530 369 1981
ms7705,female,Madge Evans,Motion pictures,1752 Vine Street,Jul 8 1951,209 316 8246
te1716,male,Thomas Ince,Motion pictures,6727 Hollywood Blvd.,Apr 3 1956,909 595 4937
je3635,female,Julia Faye,Motion pictures,6501 Hollywood Blvd.,Mar 11 1971,209 978 2912
et3975,female,Eartha Kitt,Recording,6656 Hollywood Blvd.,Jan 16 1945,707 291 4663
rz8801,male,Ricardo Cortez,Motion pictures,1500 Vine Street,Apr 20 1935,949 482 1329
jn3233,male,John Green,Motion pictures,6925 Hollywood Blvd.,Dec 13 1976,909 810 8658
ve6949,male,Vic Damone,Recording,1731 Vine Street,Nov 2 1974,949 625 5921
jg1718,male,Josef von Sternberg,Motion pictures,6401 Hollywood Blvd.,Feb 22 1943,415 208 1470
ay3769,male,Arthur Kennedy,Television,1620 Vine Street,Dec 4 1904,831 370 2151
mt3608,female,Mary Hart,Television,7000 Hollywood Blvd.,Dec 15 1904,818 593 1158
my2523,undefined,Mayor Tom Bradley,Mayor,7000 Hollywood Blvd.,Dec 16 1970,209 146 1779
ag2580,male,Aaron Spelling,Television,6667 Hollywood Blvd.,Nov 25 1981,559 631 6568
kr2850,female,Kim Basinger,Motion pictures,7021 Hollywood Blvd.,Feb 25 1916,310 816 6124
il8889,female,Isabel Jewell,Motion pictures,1560 Vine Street,Jan 10 1903,530 651 9580
hn8122,male,Hugh O'Brian,Television,6613 Hollywood Blvd.,Oct 17 1962,650 332 2038
dr8326,female,Dorothy Lamour,Motion pictures,6332 Hollywood Blvd.,Dec 14 1959,559 215 4703
my7475,female,Mariah Carey,Recording,6270 Hollywood Blvd.,Dec 7 1924,415 127 8993
jn8392,male,James Brolin,Television,7018 Hollywood Blvd.,Jun 24 1950,925 736 1064
jd9661,female,Joan Caulfield,Television,1500 Vine Street,Mar 23 1976,951 259 3471
dk6879,male,Dane Clark,Television,6906 Hollywood Blvd.,Jan 9 1948,650 921 2549
bn4629,male,Bill Leyden,Television,6136 Hollywood Blvd.,May 21 1995,650 872 4558
wl3010,male,Walter Winchell,Radio,6714 Hollywood Blvd.,Dec 14 1905,714 546 8206
jh1390,male,John Tesh,Television,7021 Hollywood Blvd.,May 6 1971,310 201 5836
jr5261,male,Johnny Mercer,Television,1628 Vine Street,Dec 23 1963,949 522 6727
rs9516,male,Robert Evans,Motion pictures,6925 Hollywood Blvd.,Jul 9 1959,650 896 2965
bt2921,male,Bill Stout,Television,1500 Vine Street,Mar 26 1996,909 421 6503
rn8902,male,Rex Harrison,Motion pictures,6904 Hollywood Blvd.,Sep 6 1997,925 682 9702
ln8198,male,LeVar Burton,Television,7000 Hollywood Blvd.,Nov 2 1969,310 542 9109
bt9680,male,Bud Abbott,Motion pictures,1611 Vine Street,Jan 18 1913,415 908 4739
ga9335,undefined,Godzilla,Motion pictures,6925 Hollywood Blvd.,Nov 28 1908,707 213 5428
fg4549,male,Fred Waring,Radio,6556 Hollywood Blvd.,Jan 26 1932,530 729 2858
lk5439,male,Larry McCormick,Television,6420 Hollywood Blvd.,Dec 4 1991,949 354 3644
jg2491,undefined,Jinx Falkenburg,Television,1500 Vine Street,Mar 0 1916,661 686 3815
bn3085,male,Billy Bob Thornton,Motion pictures,6801 Hollywood Blvd.,Nov 8 1951,858 700 9572
ba6955,male,Buddy DeSylva,Recording,1750 N. Vine Street,Sep 0 1947,626 852 1765
ks3614,female,Kathlyn Williams,Motion pictures,7038 Hollywood Blvd,Jun 6 1959,559 901 9694
gs8433,female,Gale Robbins,Television,6500 Hollywood Blvd.,Dec 28 1966,650 845 8077
cl2566,male,Conrad Nagel,Radio,1752 Vine Street,Feb 2 1940,714 142 7059
le4769,male,Lorne Greene,Television,1559 N. Vine Street,Jun 9 1980,707 479 6916
be5672,female,Betty White,Television,6747 Hollywood Blvd.,Oct 1 1986,760 549 5997
an2665,female,Annette Kellerman,Motion pictures,6608 Hollywood Blvd.,Jan 14 1956,760 113 3697
rn8776,male,Richard Carlson,Television,6333 Hollywood Blvd.,Apr 17 1995,858 211 2261
wg3296,male,William Selig,Motion pictures,6116 Hollywood Blvd.,Dec 2 1936,925 725 1845
we1956,undefined,Webb Pierce,Recording,1600 Vine Street,Sep 3 1988,858 837 3719
ls8833,male,Lee Daniels,Television,6533 Hollywood Blvd.,Jul 27 1913,818 505 4675
js3520,male,Jack Douglas,Television,6740 Hollywood Blvd.,Sep 14 1988,951 328 5281
po1615,male,Perry Como,Radio,1708 Vine Street,Jul 7 1968,949 536 1626
jd9530,female,Jo Stafford,Radio,1709 Vine Street,Jun 0 1942,213 687 2023
bt2125,male,Bud Abbott,Radio,6333 Hollywood Blvd.,Jul 28 1939,951 405 8932
dk2120,male,David O. Selznick,Motion pictures,7000 Hollywood Blvd.,Jul 9 1989,818 937 5233
mg4415,male,Matt Groening,Television,7021 Hollywood Blvd.,Oct 0 1908,626 246 5281
pd7984,male,Paul Rudd,Motion pictures,6834 Hollywood Blvd.,Nov 20 1910,619 766 1315
yt9557,undefined,Yakima Canutt,Motion pictures,1500 Vine Street,Oct 28 1919,909 650 3369
ee1746,male,Edmund Lowe,Motion pictures,6363 Hollywood Blvd.,Dec 11 1964,714 173 6480
jd6237,male,Jimmie Dodd,Television,1600 Vine Street,Jun 3 1994,831 659 7428
jr9492,male,John Lee Hooker,Recording,7083 Hollywood Blvd,Apr 23 1923,707 124 5915
cs3644,female,Claire Danes,Television,6541 Hollywood Blvd.,May 16 1988,925 323 2657
ps2190,male,Preston Sturges,Motion pictures,1601 Vine Street,Oct 21 1925,530 687 1788
js4792,male,Jerry Lee Lewis,Recording,6631 Hollywood Blvd.,Sep 0 1951,562 350 4135
kt3249,female,Kathleen Lockhart,Motion pictures,6241 Hollywood Blvd.,Jun 18 1987,619 581 4061
de5438,female,Della Reese,Television,7060 Hollywood Blvd.,Jul 15 1983,415 983 2543
jy2672,male,Jack Benny,Motion pictures,6650 Hollywood Blvd.,Jun 20 1955,209 936 7609
hr3773,undefined,H. C. Potter,Motion pictures,6633 Hollywood Blvd.,Oct 0 1944,626 895 3274
js3792,female,Joni James,Recording,6814 Hollywood Blvd.,Jul 18 1933,559 106 1016
be2144,female,Billie Dove,Motion pictures,6351 Hollywood Blvd.,Jun 2 1976,530 707 7928
an4980,female,Alice Calhoun,Motion pictures,6815 Hollywood Blvd.,Mar 19 1965,909 315 7821
jy4904,male,Jack Bailey,Television,6411 Hollywood Blvd.,Dec 6 1922,858 995 1460
de6954,male,Don Ameche,Radio,6313 Hollywood Blvd.,Jun 24 1941,619 440 1013
bi2462,male,Bill Conti,Motion pictures,6541 Hollywood Blvd.,Apr 16 1946,661 867 3760
ks4729,male,Kenny 'Babyface' Edmonds,Recording,6270 Hollywood Blvd.,May 15 1989,510 907 5986
mr5866,male,Maurice Chevalier,Motion pictures,1651 Vine Street,Nov 10 1998,323 655 8860
wy8933,male,William H. Macy,Motion pictures,7072 Hollywood Blvd.,Sep 11 1983,510 882 8255
dy2319,male,Dennis Day,Television,6646 Hollywood Blvd,Aug 6 1933,760 514 3061
dr3255,male,David Gerber,Television,1637 Vine Street,May 6 1975,707 973 1540
wg1320,male,Walter Lang,Motion pictures,6520 Hollywood Blvd.,Apr 17 1902,916 732 9275
nf8262,male,Norman Luboff,Recording,1620 Vine Street,Jul 25 1932,831 299 5575
by3953,male,Brian Donlevy,Television,1551 Vine Street,Jun 13 1905,626 643 4239
wn5639,male,Walter Brennan,Motion pictures,6501 Hollywood Blvd.,Jul 27 1919,209 339 3447
gt4760,female,Gloria Stuart,Motion pictures,6714 Hollywood Blvd.,Oct 12 1911,619 793 2895
pe5541,female,Patti Page,Recording,6760 Hollywood Blvd.,May 5 1920,831 147 7500
br8659,female,Bette Midler,Recording,6922 Hollywood Blvd.,Oct 0 1979,415 948 8285
je7302,female,Jan Peerce,Recording,1751 Vine Street,Mar 13 1986,510 928 4577
aa2927,female,Alla Nazimova,Motion pictures,6933 Hollywood Blvd.,Nov 20 1958,818 138 6350
ae5899,male,Andy Devine,Television,6366 Hollywood Blvd.,Sep 25 1977,310 410 3862
wm6451,male,William Farnum,Motion pictures,6322 Hollywood Blvd.,Sep 3 1985,408 318 2472
ws3389,male,Wesley Ruggles,Motion pictures,6424 Hollywood Blvd.,Aug 0 1971,562 696 8493
ls4453,male,Lowell Thomas,Radio,1752 Vine Street,Feb 26 1900,510 434 7405
ox3418,male,Oscar Micheaux,Motion pictures,6721 Hollywood Blvd.,Mar 1 1969,530 847 1016
be1307,male,Brian Beirne,Radio,6777 Hollywood Blvd.,Jun 12 1994,916 376 8926
jr2282,male,Jack Paar,Television,6212 Hollywood Blvd.,Nov 11 1986,213 960 6738
ln5900,female,Leslie Caron,Motion pictures,6153 Hollywood Blvd.,Jul 10 1924,209 878 7951
ss9188,female,Shelley Winters,Motion pictures,1752 Vine Street,Aug 15 1963,951 115 8962
es7956,male,Emil Jannings,Motion pictures,1630 Vine Street,Dec 28 1948,209 287 4920
hn7175,male,Hank Mann,Motion pictures,6300 Hollywood Blvd.,Feb 15 1995,323 154 7620
pt8346,male,Patrick Stewart,Live performance,7021 Hollywood Blvd.,Feb 27 1916,559 454 4067
wr7834,male,William A. Seiter,Motion pictures,6240 Hollywood Blvd.,Oct 24 1939,951 214 1441
wl1441,male,Will Ferrell,Motion pictures,6767 Hollywood Blvd.,Sep 12 1958,661 270 1562
je6933,female,Jessica Dragonette,Radio,1709 Vine Street,Sep 25 1999,925 309 4961
cs2833,male,Charles Ruggles,Motion pictures,6264 Hollywood Blvd.,Aug 10 1929,415 378 2813
fn7551,male,Franklin Pangborn,Motion pictures,1500 Vine Street,Mar 10 1911,530 715 6522
js4065,female,Julianna Margulies,Television,6621 Hollywood Blvd.,Apr 15 1929,530 524 7552
rn8827,male,Roy Orbison,Recording,1750 Vine Street,Nov 11 1980,626 983 3695
ak2121,male,Alfred Hitchcock,Television,7013 Hollywood Blvd.,May 21 1945,760 523 9429
rr3496,male,Richard Pryor,Motion pictures,6438 Hollywood Blvd.,Feb 21 1901,323 610 8091
ke6507,female,Kitty Carlisle,Motion pictures,6611 Hollywood Blvd.,Aug 16 1918,858 894 2780
by3876,male,Bob Crosby,Radio,6313 Hollywood Blvd.,Sep 21 1910,559 618 6428
be9317,male,Bob Hope,Live performance,7021 Hollywood Blvd.,Nov 18 1976,831 242 3415
rs9185,male,Richard Dreyfuss,Motion pictures,7021 Hollywood Blvd.,May 12 1996,619 499 6408
ja8800,male,Julius La Rosa,Television,6290 Hollywood Blvd.,Jul 18 1949,949 854 5427
he9794,male,Harry Belafonte,Recording,6721 Hollywood Blvd.,Feb 19 1994,310 788 5851
le3407,female,Lena Horne,Motion pictures,6282 Hollywood Blvd.,Sep 9 1916,714 132 5626
mt1927,male,Marlin Hurt,Radio,6514 Hollywood Blvd.,Dec 21 1998,626 654 2697
ci2713,undefined,Cubby Broccoli,Motion pictures,6910 Hollywood Blvd.,May 27 1982,949 635 1561
ar1869,male,Arthur Treacher,Motion pictures,6274 Hollywood Blvd.,Jun 13 1990,562 715 9061
jd2897,male,Jim Ladd,Radio,7018 Hollywood Blvd.,Mar 20 1956,310 440 7341
re1920,male,Rob Lowe,Television,6667 Hollywood Blvd.,Sep 9 1910,310 591 3420
ht2294,male,Humphrey Bogart,Motion pictures,6322 Hollywood Blvd.,Nov 18 1902,209 323 5128
gu5016,female,Gigi Perreau,Television,6212 Hollywood Blvd.,Oct 25 1901,805 662 7332
gn5273,male,George Carlin,Live performance,1555 Vine Street,Dec 17 1981,714 398 3378
kd3523,female,Kirsten Flagstad,Recording,6777 Hollywood Blvd.,Jun 0 1917,831 139 3655
rs6620,male,Robert Cummings,Television,1718 Vine Street,May 22 1925,562 181 6963
jy7971,female,Judy Holliday,Motion pictures,6901 Hollywood Blvd.,Jun 23 1957,714 380 1732
ag2486,female,Ann Harding,Television,6850 Hollywood Blvd.,Jun 14 1968,213 850 4417
ce7127,female,Constance Talmadge,Motion pictures,6300 Hollywood Blvd.,Jan 0 1912,707 482 8546
re6043,female,Reba McEntire,Recording,7018 Hollywood Blvd.,Jul 23 1947,559 724 3204
nn6317,male,Norman Jewison,Motion pictures,7000 Hollywood Blvd.,May 21 1942,213 272 3200
rs5141,undefined,Red Buttons,Television,1651 Vine Street,May 22 1961,209 871 6498
cr3267,male,Charles Boyer,Television,6300 Hollywood Blvd.,Mar 10 1992,858 219 4362
bs3964,female,Britney Spears,Recording,6801 Hollywood Blvd.,Dec 0 1950,707 977 4931
ws9563,male,Wendell Niles,Radio,1725 Vine Street,Jul 25 1933,650 711 1112
cn3020,female,Cicely Tyson,Motion pictures,7080 Hollywood Blvd.,Oct 25 1959,415 593 8873
mn5579,undefined,Merv Griffin,Television,1541 Vine Street,Mar 6 1901,213 478 5869
gy5066,male,George Murphy,Motion pictures,1601 Vine Street,Jun 12 1906,916 328 6607
ji3505,male,John Belushi,Motion pictures,6355 Hollywood Blvd.,Jan 7 1945,209 703 3387
cm1123,female,Celeste Holm,Television,6821 Hollywood Blvd.,Jan 20 1985,714 533 6687
pn6815,female,Penny Singleton,Radio,6811 Hollywood Blvd.,Jan 18 1944,925 456 4008
ss1564,undefined,Soupy Sales,Television,7000 Hollywood Blvd.,Jul 21 1915,213 715 4575
sr6315,male,Simon Baker,Television,6352 Hollywood Blvd.,May 12 1909,916 167 9638
te5778,undefined,Tex Beneke,Recording,6200 Hollywood Blvd.,Feb 16 1990,408 356 5216
bl1527,male,Billy Crystal,Motion pictures,6925 Hollywood Blvd.,Mar 2 1987,530 459 1535
gr4008,male,Gary Cooper,Motion pictures,6243 Hollywood Blvd.,Mar 5 1960,559 885 6011
be6979,male,Basil Rathbone,Television,6915 Hollywood Blvd.,Nov 0 1956,909 507 7723
as5085,male,Alec Guinness,Motion pictures,1559 Vine Street,Mar 11 1959,619 232 2377
rn3688,male,Russ Morgan,Recording,1751 Vine Street,Jan 26 1903,805 287 2957
ts7703,male,Tom Jones,Recording,6608 Hollywood Blvd.,Jun 8 1933,909 939 6831
sn3498,male,Stan Kenton,Recording,6340 Hollywood Blvd.,Dec 14 1914,510 192 4323
pe5678,female,Pauline Starke,Motion pictures,6125 Hollywood Blvd.,Apr 13 1935,925 523 5476
gr8963,female,Gilda Radner,Television,6801 Hollywood Blvd.,Feb 15 1900,858 371 5177
rn9191,male,Ricky Martin,Recording,6901 Hollywood Blvd.,Feb 7 1919,951 337 3902
ps4957,male,Paul Lukas,Motion pictures,6821 Hollywood Blvd.,Oct 14 1993,619 859 8757
sn2261,male,Samuel L. Jackson,Motion pictures,7018 Hollywood Blvd.,Feb 20 1967,714 943 3936
ll2840,female,Lauren Bacall,Motion pictures,1724 Vine Street,Aug 6 1965,858 311 6036
tr2713,male,Tab Hunter,Recording,6320 Hollywood Blvd.,Jun 11 1902,951 226 5976
ge1111,male,George Fitzmaurice,Motion pictures,6601 Hollywood Blvd.,Apr 15 1975,760 600 1064
bf7721,male,Boris Karloff,Motion pictures,1737 Vine Street,Sep 13 1927,831 378 2408
dn3650,female,Deanna Durbin,Motion pictures,1724 Vine Street,Oct 4 1978,562 412 6864
zt1539,male,Zachary Scott,Motion pictures,6349 Hollywood Blvd.,Jan 13 1999,951 624 6375
br6587,male,Bob Miller,Television,6757 Hollywood Blvd.,Mar 20 1904,562 455 1556
gg3085,undefined,Gig Young,Television,6821 Hollywood Blvd.,Mar 8 1944,213 429 5279
fn1647,male,Fred Allen,Radio,6713 Hollywood Blvd.,Nov 8 1917,949 470 3712
jn3732,female,Jane Morgan,Recording,6914 Hollywood Blvd.,Jan 17 1905,530 596 7687
dn1758,female,Dorothy Kirsten,Recording,6331 Hollywood Blvd.,May 23 1916,310 717 4620
gn5373,male,George O'Brien,Motion pictures,6201 Hollywood Blvd.,Apr 26 1987,562 567 7929
jn3418,female,Julie London,Recording,7000 Hollywood Blvd.,Aug 4 1986,559 520 7794
dp3486,male,Donald Crisp,Motion pictures,1628 Vine Street,Mar 21 1974,310 996 3982
er3367,male,Eddie Cantor,Motion pictures,6648 Hollywood Blvd.,Apr 7 1976,760 577 6041
rn1905,male,Ronald Colman,Motion pictures,6801 Hollywood Blvd.,Apr 0 1931,858 688 3131
my7693,male,Mickey Rooney,Motion pictures,1718 Vine Street,Jul 18 1909,310 183 6300
nn9438,undefined,Nunnally Johnson,Motion pictures,6240 Hollywood Blvd.,Apr 26 1930,661 913 8759
bm7172,male,Bill Cunningham,Radio,6315 Hollywood Blvd.,Aug 10 1955,916 581 7982
dn1910,male,David Niven,Television,1623 Vine Street,Feb 1 1987,650 488 2055
vi4808,male,Vincente Minnelli,Motion pictures,6676 Hollywood Blvd.,Apr 2 1965,760 293 1206
le6394,undefined,Licia Albanese,Recording,6671 Hollywood Blvd.,Jun 14 1934,925 479 4564
jt6722,female,Joan Bennett,Motion pictures,6300 Hollywood Blvd.,Nov 11 1966,213 415 4329
jr9844,female,Jamie Farr,Television,1547 N. Vine Street,Oct 18 1919,916 313 1500
as2939,female,Anne Jeffreys,Television,1501 Vine Street,Feb 8 1959,909 457 3519
rn7355,male,Ray Walston,Live performance,7070 Hollywood Blvd.,Jul 13 1956,619 666 4361
ms7527,undefined,Mills Brothers,Recording,7000 Hollywood Blvd.,Sep 5 1956,408 344 7829
ro6522,male,Ramon Novarro,Motion pictures,6350 Hollywood Blvd.,Aug 22 1963,510 171 3853
on4000,male,Ozzie Nelson,Television,6555 Hollywood Blvd.,Mar 3 1925,213 314 2160
rn1497,male,Robert Vaughn,Motion pictures,6633 Hollywood Blvd,Aug 9 1934,619 414 7192
wl6986,male,Warren Hull,Radio,6270 Hollywood Blvd.,Nov 18 1940,213 762 9614
ve2676,male,Vaughn Monroe,Radio,1755 Vine Street,Jun 20 1931,831 343 1503
dl9963,male,Dick Powell,Radio,1560 Vine Street,Mar 25 1986,714 977 5369
fr6763,male,Frank Luther,Recording,1708 Vine Street,May 6 1962,650 865 1291
hk2700,undefined,Herbie Hancock,Recording,7057 Hollywood Blvd.,Apr 8 1976,213 339 4963
sr9996,undefined,Sol Lesser,Motion pictures,6533 Hollywood Blvd.,Oct 0 1910,714 656 8089
ts9930,male,Tom Hanks,Motion pictures,7000 Hollywood Blvd.,Oct 8 1966,209 329 6015
la1758,female,Louise Fazenda,Motion pictures,6801 Hollywood Blvd.,Nov 14 1965,831 681 7974
ty2836,male,Tom Kelly,Radio,7080 Hollywood Blvd.,Mar 3 1966,714 625 7034
br9757,male,Bill Maher,Television,1634 Vine Street,Apr 4 1951,415 934 4001
ll3155,male,Leon Errol,Motion pictures,6801 Hollywood Blvd.,Dec 24 1910,831 392 5144
ee4199,male,Ezra Stone,Radio,1634 Vine Street,Apr 26 1949,661 310 7901
ce5248,male,Clayton Moore,Television,6914 Hollywood Blvd.,May 27 1905,661 301 4031
kn6180,male,Keenan Wynn,Television,1515 Vine Street,Dec 9 1943,707 905 6588
ss7916,female,Suzanne Somers,Television,7018 Hollywood Blvd.,Nov 16 1944,949 224 3481
ry1284,male,Reed Hadley,Television,6553 Hollywood Blvd.,Mar 18 1984,559 226 3865
eo4399,female,Elena Verdugo,Television,1709 Vine Street,Nov 24 1939,213 751 2063
jo4949,male,James Franco,Motion pictures,6838 Hollywood Blvd.,Nov 13 1912,650 783 1038
ds6227,female,Dorothy Phillips,Motion pictures,6358 Hollywood Blvd.,Oct 23 1947,818 863 3331
re2748,male,Rich Little,Television,6372 Hollywood Blvd.,Mar 4 1926,510 485 2849
ms3796,female,Miriam Hopkins,Television,1716 Vine Street,Dec 9 1933,415 343 6271
me9811,female,Marilyn Monroe,Motion pictures,6774 Hollywood Blvd.,Oct 15 1957,408 362 8483
vs3062,female,Vera Miles,Television,1652 Vine Street,Oct 27 1992,559 303 6345
gs9545,female,Gracie Fields,Radio,6125 Hollywood Blvd.,Jan 17 1902,408 264 7688
dr5633,male,David Foster,Recording,1750 Vine Street,Mar 22 1977,925 273 8180
ct4978,female,Constance Bennett,Motion pictures,6250 Hollywood Blvd.,Sep 16 1935,925 349 6101
gn2051,male,George Hamilton,Motion pictures,7021 Hollywood Blvd.,Jan 12 1905,916 227 2093
sn7115,undefined,Stu Nahan,Radio,6549 Hollywood Blvd.,Jul 4 1910,650 796 7346
de6261,female,Dinah Shore,Radio,1751 Vine Street,Mar 21 1936,626 745 2367
ct4648,female,Carol Burnett,Television,6439 Hollywood Blvd.,Feb 14 1932,909 721 3515
wn9658,male,William Petersen,Television,6667 Hollywood Blvd.,Dec 18 1992,925 574 2007
de5403,female,Dorothy McGuire,Motion pictures,6933 Hollywood Blvd.,Feb 4 1963,661 222 3000
ak5267,male,Alex Trebek,Television,6501 Hollywood Blvd.,Jan 15 1942,530 281 4767
hn1197,female,Helen Mirren,Motion pictures,6714 Hollywood Blvd.,Oct 12 1955,831 424 3214
en5155,male,Edward Everett Horton,Motion pictures,6427 Hollywood Blvd,Jun 17 1976,213 812 5958
jn7493,male,Jack Perrin,Motion pictures,1777 Vine Street,Feb 18 1912,213 204 7556
ry1930,male,Roy O. Disney,Motion pictures,6833 Hollywood Blvd.,Mar 24 1901,650 850 4180
si4200,female,Susan Lucci,Television,6801 Hollywood Blvd.,Aug 25 1922,562 333 6656
mr4733,undefined,Mauritz Stiller,Motion pictures,1713 Vine Street,Aug 24 1930,805 376 5281
sn6030,male,Siegmund Lubin,Motion pictures,6166 Hollywood Blvd.,Jul 6 1930,626 957 4636
en3814,male,Edmund Gwenn,Motion pictures,1755 Vine Street,Apr 20 1959,714 678 4336
we6080,male,William DeMille,Motion pictures,6100 Hollywood Blvd.,Jan 18 1953,951 947 5077
js2440,male,James Woods,Motion pictures,7021 Hollywood Blvd.,Aug 7 1974,310 985 3592
gt1517,male,George Brent,Motion pictures,1709 Vine Street,Jan 8 1991,949 356 1429
ko4958,female,Kaley Cuoco,Television,6621 Hollywood Blvd.,May 27 1914,510 314 4544
de6662,male,Denver Pyle,Motion pictures,7083 Hollywood Blvd.,Oct 16 1990,510 393 9179
dn2124,male,Dick Van Patten,Television,1541 N. Vine Street,May 24 1950,213 491 2174
br7046,male,Benny Carter,Recording,7080 Hollywood Blvd.,Mar 23 1919,310 719 2839
sr2213,female,Stella Adler,Live performance,6777 Hollywood Blvd.,Sep 6 1907,951 469 7691
jo1167,female,Jean Negulesco,Motion pictures,6212 Hollywood Blvd.,Feb 19 1945,909 738 1909
ce1796,male,Carlton E. Morse,Radio,6445 Hollywood Blvd.,Sep 19 1974,650 189 3779
nd2358,male,Norman Z. McLeod,Motion pictures,1724 Vine Street,Aug 18 1908,951 338 1451
ck9793,male,Clyde Cook,Motion pictures,6531 Hollywood Blvd.,Apr 1 1980,510 857 1136
wn4924,male,William A. Wellman,Motion pictures,6125 Hollywood Blvd.,Sep 9 1970,310 447 6270
qn2861,male,Quinn Martin,Television,6667 Hollywood Blvd.,Apr 28 1919,707 641 3128
ta2375,female,Theda Bara,Motion pictures,6307 Hollywood Blvd.,Aug 11 1936,714 296 2410
mg4430,female,Margaret Whiting,Recording,6623 Hollywood Blvd.,Jun 15 1977,714 529 9556
rr1032,male,Raymond Burr,Television,6656 Hollywood Blvd.,Jun 15 1958,510 334 8147
gy4785,male,Gene Autry,Radio,6520 Hollywood Blvd.,Oct 11 1938,818 906 7284
sn6659,male,Steve Cochran,Motion pictures,1750 Hollywood Blvd.,Nov 14 1995,510 326 4184
mh7538,female,Mae Marsh,Motion pictures,1600 Vine Street,Jun 24 1978,714 186 4109
hh2225,male,Hobart Bosworth,Motion pictures,6522 Hollywood Blvd.,Feb 25 1902,530 518 1889
et8508,female,Edna Best,Motion pictures,6124 Hollywood Blvd.,Nov 4 1965,925 834 1052
re6775,male,Robert Wise,Motion pictures,6340 Hollywood Blvd.,Jun 6 1906,949 334 5593
ak2241,female,Ann Dvorak,Motion pictures,6321 Hollywood Blvd.,Feb 11 1991,619 741 3080
ja3208,male,John Philip Sousa,Recording,1500 Vine Street,Dec 20 1947,562 604 3896
te6521,undefined,Toshiro Mifune,Motion pictures,6912 Hollywood Blvd.,Oct 2 1933,925 347 4649
mn3921,male,Mark Goodson,Television,6374 Hollywood Blvd.,Dec 4 1942,323 404 4161
sd6976,undefined,Snub Pollard,Motion pictures,6415 Hollywood Blvd,Dec 2 1999,949 437 5428
ps3496,male,Paul Douglas,Motion pictures,1648 Hollywood Blvd.,Mar 24 1910,213 472 3563
df3157,male,David Hasselhoff,Television,7018 Hollywood Blvd.,Feb 17 1932,408 937 8950
vd1796,female,Virginia Field,Television,1751 Vine Street,Jan 28 1989,925 379 8588
jk3418,male,John Hodiak,Radio,6101 Hollywood Blvd.,Aug 0 1975,559 187 4517
dy6659,male,Dave Garroway,Radio,6355 Hollywood Blvd.,Dec 15 1978,661 334 5277
ms9850,male,Milton Sills,Motion pictures,6263 Hollywood Blvd.,Jul 25 1923,530 843 8957
jd3097,female,Joan Crawford,Motion pictures,1752 Vine Street,Jul 1 1958,510 999 1261
de9728,undefined,Dizzy Gillespie,Recording,7057 Hollywood Blvd.,Jul 10 1973,909 271 3354
ja6572,male,John Travolta,Motion pictures,6901 Hollywood Blvd.,Jan 25 1992,951 755 3033
fe2313,male,Freddie Prinze,Television,6755 Hollywood Blvd.,Oct 7 1950,650 460 5735
je6172,male,Jim Lowe,Recording,6333 Hollywood Blvd.,Mar 24 1984,858 852 4745
jk4722,male,Joe Pasternak,Motion pictures,1541 N. Vine Street,May 22 1915,707 259 1750
je2736,male,Jules White,Motion pictures,1559 Vine Street,Sep 16 1973,650 441 1766
fn3114,female,Faye Emerson,Television,6689 Hollywood Blvd.,Jan 15 1970,530 941 6508
hd6746,undefined,Hanley Stafford,Radio,1640 Vine Street,Aug 23 1974,714 104 5143
hd2400,male,Harold Lloyd,Motion pictures,1503 Vine Street,Feb 25 1959,909 159 2262
ps1324,male,Phillips Holmes,Motion pictures,6908 Hollywood Blvd.,Aug 5 1922,619 450 2691
rt6590,male,Raymond Knight,Radio,6130 Hollywood Blvd.,Sep 1 1913,530 825 4344
ar9259,male,Arthur Fiedler,Recording,1626 Vine Street,Nov 20 1906,209 585 2568
rn5948,female,Ruth Chatterton,Motion pictures,6263 Hollywood Blvd.,Oct 27 1957,949 598 3684
er4024,male,Emilio Estefan Jr,Recording,7021 Hollywood Blvd.,Oct 1 1905,530 191 4749
gr6420,male,George Fisher,Radio,7072 Hollywood Blvd.,Dec 18 1971,510 356 5884
bn6301,male,Bobby Vinton,Recording,6916 Hollywood Blvd.,Nov 3 1990,818 398 1376
fa4432,male,Frank Sinatra,Recording,1637 Vine Street,Jul 17 1933,818 679 8469
je5828,male,John Drew Barrymore,Television,7004 Hollywood Blvd.,Dec 23 1985,209 338 6962
ae6813,female,Alice Lake,Motion pictures,1624 Vine Street,Apr 13 1952,707 899 7284
ez9897,male,Earl Lestz,Motion pictures,6807 Hollywood Blvd.,Jul 5 1989,650 282 3517
dr8179,male,Douglas Fairbanks Jr,Television,6661 Hollywood Blvd.,Sep 14 1914,951 896 1747
ay2360,male,Audie Murphy,Motion pictures,1601 Vine Street,Sep 28 1925,805 939 1086
be9937,female,Billie Burke,Motion pictures,6617 Hollywood Blvd.,Dec 0 1913,323 745 1667
jl8891,male,Jack Pearl,Radio,1680 Vine Street,May 15 1906,714 403 6524
js7824,male,Jim Parsons,Television,6533 Hollywood Blvd.,Feb 10 1915,805 494 2807
js8305,male,Jerry Lewis,Television,6150 Hollywood Blvd,Jan 23 1936,213 519 4705
hh4697,male,Hal Roach,Motion pictures,1654 Vine Street,Feb 19 1996,650 987 2281
ky7338,male,Ken Murray,Radio,1724 Vine Street,Jul 8 1992,510 627 8869
hy4288,male,Henry Hathaway,Motion pictures,1638 Vine Street,Oct 13 1903,562 811 3076
ne5956,female,Natalie Cole,Recording,1750 Vine Street,Nov 10 1952,831 445 6233
lh6079,female,Lillian Gish,Motion pictures,1720 Vine Street,Nov 8 1994,916 151 6686
ar5035,female,Ann Miller,Motion pictures,6914 Hollywood Blvd.,Jul 7 1924,626 139 5483
vz1146,male,Vicente Fernandez,Recording,6160 Hollywood Blvd.,Sep 17 1917,925 857 5278
mr5812,male,Maurice Tourneur,Motion pictures,6243 Hollywood Blvd.,Mar 10 1926,626 471 6637
rn7007,male,Ronald Reagan,Television,6374 Hollywood Blvd.,Jun 15 1953,858 870 5081
an3978,female,Ann Sothern,Motion pictures,1612 Vine Street,Feb 6 1939,925 538 7639
ct2253,female,Cate Blanchett,Motion pictures,6712 Hollywood Blvd.,Aug 13 1962,650 166 2515
at4930,female,Angela Bassett,Motion pictures,7000 Hollywood Blvd.,Mar 5 1924,714 274 5690
es2393,male,Ernie Kovacs,Television,6307 Hollywood Blvd.,Apr 3 1956,818 581 4855
mh2526,female,Marlene Dietrich,Motion pictures,6400 Hollywood Blvd.,Nov 19 1912,951 317 2631
cg2874,undefined,Carleton G. Young,Radio,6733 Hollywood Blvd.,Oct 6 1927,760 217 6063
jl3538,female,Jane Powell,Motion pictures,6818 Hollywood Blvd.,Feb 20 1973,916 757 2153
lr1865,female,Lindsay Wagner,Television,6767 Hollywood Blvd.,Jan 14 1946,626 732 1144
ms8666,male,Milton Cross,Radio,1623 Vine Street,Jun 8 1981,818 184 5777
ae3653,male,Art Laboe,Radio,6800 Hollywood Blvd.,Jun 13 1950,805 316 2884
fy4219,male,Frank Lovejoy,Television,6325 Hollywood Blvd.,Jan 20 1902,408 870 2344
po4566,undefined,Perez Prado,Recording,1529 Vine Street,Jan 1 1923,916 839 4363
nn3069,undefined,New Edition,Recording,7080 Hollywood Blvd.,May 3 1971,562 938 7560
ds1996,female,Debbie Reynolds,Motion pictures,6654 Hollywood Blvd.,May 4 1916,714 775 4223
ge5730,male,George E. Stone,Motion pictures,6932 Hollywood Blvd.,Jun 21 1978,559 115 7318
sd1008,female,Sally Field,Motion pictures,6767 Hollywood Blvd.,Apr 24 1980,323 662 6476
tg7284,male,Ted Husing,Radio,6821 Hollywood Blvd.,Jun 18 1936,510 727 2683
et1763,female,Evelyn Knight,Recording,6136 Hollywood Blvd.,Jun 14 1961,925 746 6116
mn2473,male,Michael Jackson,Radio,1541 Vine Street,Aug 9 1900,626 874 4285
ed8668,male,Ernest Gold,Recording,6434 Hollywood Blvd.,Oct 4 1914,661 295 7190
az9039,male,Andre Kostelanetz,Recording,6542 Hollywood Blvd.,Jun 28 1918,916 182 3813
jy7301,male,Jack Haley,Radio,6435 Hollywood Blvd.,Dec 21 1937,909 767 3538
lo7329,female,Lou Costello,Motion pictures,6438 Hollywood Blvd.,Jul 2 1950,831 316 6242
sl3854,male,Stan Laurel,Motion pictures,7021 Hollywood Blvd.,Jan 13 1939,707 540 9429
cl2448,male,Conrad Nagel,Motion pictures,1719 Vine Street,Oct 7 1961,415 731 4221
mn7510,male,Marion Martin,Motion pictures,6915 Hollywood Blvd.,Aug 19 1979,650 964 9399
cr3298,male,Charles Vidor,Motion pictures,6676 Hollywood Blvd.,Mar 20 1999,209 921 2995
de2762,male,David Bowie,Recording,7021 Hollywood Blvd.,Aug 21 1979,562 478 4988
js4314,male,Johnny Mathis,Recording,1501 Vine Street,Oct 26 1987,562 710 4870
jb1909,male,Jack Webb,Radio,7040 Hollywood Blvd.,May 5 1928,661 693 7816
lh5162,female,Lillian Roth,Motion pictures,6330 Hollywood Blvd.,Aug 24 1982,408 928 1472
ks4737,female,Kay Francis,Motion pictures,6766 Hollywood Blvd.,Dec 11 1914,626 230 1128
pe5717,female,Patti LaBelle,Recording,7000 Hollywood Blvd.,Oct 2 1930,818 441 8817
cz6148,female,Celia Cruz,Recording,6240 Hollywood Blvd.,Apr 23 1909,530 201 9481
sd4372,male,Sam Wood,Motion pictures,6714 Hollywood Blvd.,Jul 6 1997,916 616 5346
eh8568,male,Ernst Lubitsch,Motion pictures,7042 Hollywood Blvd.,Mar 28 1977,559 294 7689
tf4120,male,Theodore Kosloff,Motion pictures,1617 Vine Street,Oct 27 1933,626 467 6927
vn6510,male,Van Heflin,Motion pictures,6311 Hollywood Blvd.,Feb 8 1968,805 929 7388
jn5367,female,Janet Jackson,Recording,1500 Vine Street,Jan 13 1905,510 881 6402
gm7991,female,Gale Storm,Recording,1519 Vine Street,Aug 20 1927,714 306 8337
tk1487,male,Tom Sherak,Motion pictures,6910 Hollywood Blvd.,Dec 3 1964,626 908 1017
mr1485,undefined,Marg Helgenberger,Television,6667 Hollywood Blvd.,Feb 17 1922,415 715 4765
ss5482,male,Sonny James,Recording,6630 Hollywood Blvd.,Feb 28 1948,805 305 6948
ry5355,undefined,Red Foley,Television,6300 Hollywood Blvd.,Mar 28 1968,415 931 4981
sr5578,male,Simon Fuller,Television,6268 Hollywood Blvd.,Oct 21 1970,650 176 4745
io4748,female,Ida Lupino,Motion pictures,6821 Hollywood Blvd.,Dec 23 1910,909 974 3046
wn8533,male,Walter Huston,Motion pictures,6624 Hollywood Blvd.,Sep 3 1973,209 838 2177
jr6001,male,John Denver,Recording,7065 Hollywood Blvd.,Nov 2 1919,760 720 1042
jn4877,male,James Wallington,Radio,6660 Hollywood Blvd.,Dec 2 1958,818 721 1273
fe5515,undefined,Franchot Tone,Motion pictures,6560 Hollywood Blvd.,Sep 14 1961,951 231 5334
ps5586,male,Phil Silvers,Television,6370 Hollywood Blvd.,Apr 20 1962,818 815 3522
gd9728,male,Gordon Hollingshead,Motion pictures,6200 Hollywood Blvd.,Aug 26 1925,510 694 7527
jt6796,male,John Raitt,Live performance,6126 Hollywood Blvd.,Mar 5 1967,619 247 4442
pr5823,female,Peggy Ann Garner,Motion pictures,6604 Hollywood Blvd.,May 25 1977,415 671 9431
ez3488,male,Eugenio Derbez,Motion pictures,7013 Hollywood Blvd.,Nov 16 1932,619 194 4901
ln3111,male,Lloyd Nolan,Television,1752 Vine Street,Nov 13 1976,213 930 4046
my6203,male,Monty Woolley,Motion pictures,6542 Hollywood Blvd.,Jul 18 1915,714 441 6043
rs2303,male,Roy Rogers,Radio,1733 Vine Street,Feb 5 1947,626 268 1178
ay9038,male,Arthur Godfrey,Radio,6233 Hollywood Blvd.,Nov 20 1935,661 847 3838
ps8893,male,Paul Douglas,Television,6821 Hollywood Blvd.,Oct 22 1974,916 197 3625
ma2168,male,Mario Lanza,Motion pictures,6821 Hollywood Blvd.,Sep 16 1931,949 786 7409
ar6160,female,Anne Baxter,Motion pictures,6741 Hollywood Blvd.,Mar 24 1999,714 775 4518
cs2618,male,Charles Ruggles,Television,1630 Vine Street,Sep 5 1913,530 351 4594
hs2712,male,Hank Williams,Recording,6400 Hollywood Blvd.,Sep 10 1928,916 158 8908
jb9205,male,Jack Webb,Television,6278 Hollywood Blvd.,Sep 24 1974,530 457 5002
kr3367,male,Kent Taylor,Television,6818 Hollywood Blvd.,Jan 8 1966,415 427 1913
gd4553,male,Gene Raymond,Motion pictures,7001 Hollywood Blvd.,Jun 5 1903,408 549 9815
cn3696,male,Charlie Sheen,Motion pictures,7021 Hollywood Blvd.,Apr 21 1992,925 541 1872
hr2991,male,Henry Winkler,Television,6235 Hollywood Blvd.,Jan 13 1932,925 730 3317
jo6654,male,Jay Leno,Television,6780 Hollywood Blvd.,Mar 28 1962,909 678 4147
kr9782,female,Kate Linder,Television,7021 Hollywood Blvd.,Mar 7 1908,818 303 8540
dl1757,male,Dean Stockwell,Motion pictures,7000 Hollywood Blvd.,Aug 24 1947,818 973 9087
kr8606,female,Kelsey Grammer,Television,7021 Hollywood Blvd.,Feb 22 1910,619 605 7125
mt4274,male,Mack Sennett,Motion pictures,6710 Hollywood Blvd.,Aug 2 1963,760 608 4368
sr5679,female,Sidney Poitier,Motion pictures,7065 Hollywood Blvd.,Sep 18 1996,805 626 4422
je7707,male,John Payne,Motion pictures,6125 Hollywood Blvd.,Oct 6 1950,949 217 4308
jd7595,male,Jay Ward,Television,7080 Hollywood Blvd.,Jul 27 1999,925 310 5902
bn4986,female,Betty Hutton,Motion pictures,6259 Hollywood Blvd.,May 1 1952,925 724 1076
bf7689,male,Bennett Cerf,Television,6407 Hollywood Blvd.,Nov 19 1908,951 335 5656
do9069,male,Donald P. Bellisario,Television,7080 Hollywood Blvd.,Jun 6 1956,510 800 1811
vo2444,female,Virginia Mayo,Television,1751 Vine Street,Jul 24 1969,661 971 2265
in1647,male,Irving Berlin,Recording,7095 Hollywood Blvd.,Jun 17 1997,831 150 8307
ml4534,male,Malcolm McDowell,Motion pictures,6714 Hollywood Blvd.,Jan 19 1988,209 256 2101
jn5218,male,Jack Klugman,Television,6555 Hollywood Blvd.,Feb 7 1993,310 840 9807
ct9792,male,Cary Grant,Motion pictures,1610 Vine Street,Aug 9 1942,707 877 9541
rr6540,male,Rusty Hamer,Television,6323 Hollywood Blvd.,Mar 20 1901,310 462 5517
et8852,female,Eileen Heckart,Motion pictures,6140 Hollywood Blvd.,Apr 11 1957,510 422 8027
ja2228,male,Joel McCrea,Radio,6241 Hollywood Blvd.,Jan 1 1955,714 271 4021
jt5548,male,James Stewart,Motion pictures,1708 Vine Street,Aug 14 1972,562 502 8400
ts4743,undefined,The Doors,Recording,6901 Hollywood Blvd.,Sep 14 1920,916 955 3205
bn2511,undefined,Boyz II Men,Recording,7060 Hollywood Blvd.,Jan 9 1923,951 772 4877
jr9929,male,Johnny Weissmuller,Television,6541 Hollywood Blvd.,Mar 24 1953,559 649 6492
rs1558,male,Ralph Edwards,Television,6262 Hollywood Blvd.,Apr 3 1960,562 194 7669
vr3210,female,Vikki Carr,Recording,6385 Hollywood Blvd.,Apr 18 1929,209 401 6583
cn4817,male,Charles Coburn,Motion pictures,6240 Hollywood Blvd.,Feb 2 1934,805 848 5498
ar2155,male,Antonio Aguilar,Recording,7060 Hollywood Blvd.,Mar 10 1956,619 246 9040
ms5869,male,Mike Douglas,Television,7001 Hollywood Blvd.,Jun 23 1921,858 362 6845
hr1470,male,Harry Carey Jr,Television,6363 Vine Street,Dec 9 1911,925 816 2737
cd1966,male,Charles Bickford,Television,1620 Vine Street,Aug 0 1957,626 953 2199
ms7672,female,Mildred Harris,Motion pictures,6307 Hollywood Blvd.,May 22 1945,707 807 1133
cs8214,male,Claude Rains,Motion pictures,6400 Hollywood Blvd.,May 22 1941,209 515 5239
mn9587,female,Maureen O'Sullivan,Motion pictures,6541 Hollywood Blvd.,Dec 20 1921,323 655 7893
ky3198,female,Kirstie Alley,Motion pictures,7000 Hollywood Blvd.,May 1 1973,559 246 7080
tl3723,undefined,Tinker Bell,Motion pictures,6834 Hollywood Blvd.,Nov 8 1916,818 426 6338
fr6613,male,Frank Parker,Radio,6821 Hollywood Blvd.,Aug 1 1923,661 623 7617
ae8461,female,Anita Louise,Motion pictures,6821 Hollywood Blvd.,Nov 0 1928,949 968 3137
hg2959,male,Henry King,Motion pictures,6327 Hollywood Blvd.,Sep 12 1963,805 787 3361
ku4353,female,Katina Paxinou,Motion pictures,1651 Vine Street,Dec 26 1959,707 475 3014
js7470,male,Joe Williams,Recording,6508 Hollywood Blvd.,Dec 26 1932,909 516 7166
gl1513,female,Glenda Farrell,Motion pictures,6524 Hollywood Blvd.,Aug 1 1984,805 214 9241
tw2884,male,Tim McGraw,Recording,6901 Hollywood Blvd.,Oct 11 1986,858 972 6437
jn3337,male,Joseph Cotten,Motion pictures,6382 Hollywood Blvd.,Apr 0 1989,626 354 2917
sr4503,male,Sid Caesar,Television,7014 Hollywood Blvd.,Nov 3 1936,619 557 6416
dn8459,male,David Nelson,Television,1501 Vine Street,Apr 22 1917,858 156 3658
ji1004,male,Jose Iturbi,Recording,6834 Hollywood Blvd.,Dec 9 1934,510 137 2287
cn9811,male,Charlton Heston,Motion pictures,1628 Vine Street,Dec 22 1944,323 522 4775
rr1486,female,Ruby Keeler,Motion pictures,6730 Hollywood Blvd.,Nov 0 1949,209 897 9431
ty3656,undefined,The Watson Family,Motion pictures,6674 Hollywood Blvd.,Jul 28 1904,714 766 3841
jn2225,male,Jules C. Stein,Motion pictures,6821 Hollywood Blvd.,Jul 3 1979,805 588 4871
ce4024,male,Christopher Reeve,Motion pictures,7021 Hollywood Blvd.,Jun 7 1926,562 281 8567
dn2650,male,David Brian,Television,7021 Hollywood Blvd.,Feb 26 1948,530 815 6425
en3119,male,Eric Linden,Motion pictures,1648 Vine Street,Mar 28 1974,559 120 3974
li7964,female,Liza Minnelli,Live performance,7000 Hollywood Blvd.,Jul 6 1976,209 392 1492
rr9179,male,Rodney Bingenheimer,Radio,7021 Hollywood Blvd.,Sep 3 1925,909 346 6558
qh1842,female,Queen Latifah,Motion pictures,6915 Hollywood Blvd.,Mar 16 1927,415 867 7190
kn9212,male,Kevin Bacon,Motion pictures,6356 Hollywood Blvd.,Aug 24 1993,916 433 7987
kh7872,male,Ken Ehrlich,Television,1750 N. Vine Street,Dec 27 1971,707 638 5166
ak7599,male,Alfred Hitchcock,Motion pictures,6506 Hollywood Blvd.,Mar 28 1977,916 714 8717
em3065,male,Erich von Stroheim,Motion pictures,6826 Hollywood Blvd.,Oct 0 1927,650 170 2956
ss2060,male,Sean Diddy Combs,Recording,6801 Hollywood Blvd.,Apr 13 1949,530 702 7257
hn8087,male,Henry Morgan,Radio,6325 Hollywood Blvd.,Jun 17 1916,408 239 2626
ar8481,male,Alan Ladd Jr,Motion pictures,7018 Hollywood Blvd.,Jul 21 1920,909 996 7882
ae7194,male,Al Christie,Motion pictures,6771 Hollywood Blvd.,Apr 12 1949,562 400 5911
la5780,undefined,Lucho Gatica,Recording,7021 Hollywood Blvd.,Nov 22 1993,626 979 6006
jr5815,female,Jeanne Cooper,Television,1777 Vine Street,May 21 1983,213 858 1480
er6219,male,Eddie Cantor,Radio,6765 Hollywood Blvd.,Nov 6 1905,805 840 5273
cr4923,male,Cuba Gooding Jr,Motion pictures,6834 Hollywood Blvd.,Aug 8 1980,626 815 4216
rt5339,male,Roger Ebert,Television,6834 Hollywood Blvd.,Apr 25 1969,714 683 4724
bn6751,male,Ben Turpin,Motion pictures,1651 Vine Street,Nov 4 1923,916 312 2985
ms6152,undefined,Mister Rogers,Television,6600 Hollywood Blvd.,Jun 0 1933,510 400 9665
sn2749,male,Steve Allen,Television,1720 Vine Street,Jun 24 1954,661 481 5868
my8822,female,Margaret Lindsay,Motion pictures,6318 Hollywood Blvd.,Sep 10 1939,805 400 7137
go7182,female,Greta Garbo,Motion pictures,6901 Hollywood Blvd.,Dec 4 1934,858 445 2203
jz7032,male,Joseph L. Mankiewicz,Motion pictures,6201 Hollywood Blvd.,Sep 19 1979,714 606 4127
en8565,male,Errol Flynn,Motion pictures,6654 Hollywood Blvd.,Oct 26 1987,510 854 9447
kr2776,male,Kent Taylor,Motion pictures,1645 Vine Street,Dec 18 1905,213 386 7892
jz3550,undefined,Jascha Heifetz,Recording,6777 Hollywood Blvd.,Jul 14 1910,323 146 9209
gs9147,male,Gordon Jenkins,Recording,6626 Hollywood Blvd.,Feb 3 1904,707 529 8330
ae3310,male,Al Pearce,Radio,6328 Hollywood Blvd.,May 13 1972,831 977 9310
jn8874,female,Jackie Gleason,Recording,6231 Hollywood Blvd.,Feb 4 1946,415 785 9925
ay3941,female,Angela Lansbury,Television,6259 Hollywood Blvd.,Oct 21 1947,209 836 4214
te9552,male,Tom Cruise,Motion pictures,6912 Hollywood Blvd.,Jun 8 1914,650 435 2205
dl6728,male,David Powell,Motion pictures,1651 Vine Street,Apr 5 1913,559 908 6862
vh1815,female,Vivien Leigh,Motion pictures,6773 Hollywood Blvd.,Nov 13 1974,916 904 2303
ts9123,male,Tim Robbins,Motion pictures,6801 Hollywood Blvd.,Sep 18 1908,951 894 2935
nn5170,female,Nicole Kidman,Motion pictures,6801 Hollywood Blvd.,Oct 1 1975,562 261 9432
my7256,female,May McAvoy,Motion pictures,1731 Vine Street,Jun 24 1969,925 717 5043
jt3548,male,John Hart,Television,6432 Hollywood Blvd.,Aug 14 1957,209 228 4930
se1228,male,Sammy Kaye,Recording,6767 Hollywood Blvd.,Apr 3 1903,909 811 1332
ce5324,female,Colleen Moore,Motion pictures,1549 Vine Street,Jun 17 1985,559 833 6043
tt9741,female,Teresa Wright,Motion pictures,1680 Vine Street,Mar 19 1975,858 236 3221
gn4382,male,George Eastman,Motion pictures,1709 Vine Street,Mar 1 1990,831 366 3180
lr8576,female,Lois Weber,Motion pictures,6518 Hollywood Blvd.,Dec 28 1989,909 727 8989
dp7717,male,Donald Trump,Television,6801 Hollywood Blvd.,Mar 18 1938,619 571 5485
jk3661,male,John Derek,Television,6531 Hollywood Blvd.,Jun 3 1940,415 167 5624
jh5413,female,Jaclyn Smith,Television,7000 Hollywood Blvd.,Jun 10 1931,949 825 6324
ty9614,undefined,Tyne Daly,Television,7065 Hollywood Blvd.,Nov 25 1912,925 955 6278
br4943,male,Bud Collyer,Radio,6150 Hollywood Blvd.,Aug 4 1917,559 546 8369
ch2168,undefined,C. Aubrey Smith,Motion pictures,6327 Hollywood Blvd.,Jan 26 1959,559 511 6767
sn5438,female,Sherry Jackson,Television,6324 Hollywood Blvd.,Jan 23 1944,650 847 9672
ds7885,male,Dick Haynes,Radio,6841 Hollywood Blvd.,Feb 6 1996,213 189 6723
sh2051,female,Shirley Booth,Motion pictures,6850 Hollywood Blvd.,Feb 15 1918,619 632 3234
nr5093,undefined,Nils Asther,Motion pictures,6705 Hollywood Blvd.,Apr 27 1962,530 357 3373
by1903,male,Buddy Holly,Recording,1750 N. Vine Street,Nov 2 1917,831 908 4741
jr2051,female,Jean Renoir,Motion pictures,6212 Hollywood Blvd.,Mar 10 1959,562 320 5137
by3191,male,Ben Kingsley,Motion pictures,6931 Hollywood Blvd.,Sep 7 1947,209 482 1675
ry8683,male,Raymond Massey,Television,6706 Hollywood Blvd.,Nov 18 1930,559 525 9675
ts4968,undefined,The Andrews Sisters,Recording,6834 Hollywood Blvd.,Nov 12 1937,562 237 7102
he9261,undefined,H. Bruce Humberstone,Motion pictures,1752 Vine Street,Aug 8 1917,213 291 9508
jr2927,female,June Haver,Motion pictures,1777 Vine Street,Mar 6 1988,626 115 7076
sy2265,male,Spencer Tracy,Motion pictures,6814 Hollywood Blvd.,Nov 1 1908,949 676 7163
pd9102,male,Phillips Lord,Radio,6912 Hollywood Blvd.,Jan 14 1938,805 760 8863
fr8105,male,Forest Whitaker,Motion pictures,6801 Hollywood Blvd.,Aug 15 1909,714 480 5537
hs9572,female,Helen Hayes,Motion pictures,6258 Hollywood Blvd.,Nov 13 1968,951 622 3608
js9913,male,Jeff Bridges,Motion pictures,7065 Hollywood Blvd.,Feb 2 1990,310 100 3162
dr1618,male,Don Mischer,Television,7013 Hollywood Blvd.,May 7 1972,805 771 7887
pd2192,male,Paul Henreid,Television,1720 Vine Street,Feb 13 1939,707 341 1243
lm7455,female,Louise Glaum,Motion pictures,6834 Hollywood Blvd.,May 12 1988,310 824 7058
pg3175,female,Peggy King,Television,6563 Hollywood Blvd.,Nov 28 1967,951 929 4365
lo2820,female,Lou Costello,Radio,6780 Hollywood Blvd.,Mar 21 1987,209 413 6611
rl8732,female,Rosalind Russell,Motion pictures,1708 Vine Street,Apr 18 1991,714 669 8295
tk5608,male,Tom Selleck,Motion pictures,6925 Hollywood Blvd.,Jun 19 1930,209 228 9214
hy2588,male,Harold Peary,Radio,1639 Vine Street,Dec 25 1907,707 998 1616
bn6710,female,Barbara Britton,Television,1719 Vine Street,Aug 1 1939,530 118 6552
rt6366,undefined,Ridley Scott,Motion pictures,6712 Hollywood Blvd.,Sep 24 1987,714 845 6186
pe3535,undefined,Pinky Lee,Television,6201 Hollywood Blvd.,Jul 8 1980,916 259 7615
do7822,male,Danny DeVito,Television,6906 Hollywood Blvd.,Jan 2 1934,949 311 8862
os7530,undefined,Orson Welles,Motion pictures,1600 Vine Street,Dec 3 1931,530 357 4390
cn7232,male,Clifton Fadiman,Radio,6284 Hollywood Blvd.,Aug 8 1948,909 663 5892
bs4590,male,Bob Eubanks,Radio,6712 Hollywood Blvd.,Aug 23 1948,805 147 6124
gd4489,male,George Peppard,Motion pictures,6675 Hollywood Blvd.,Jan 22 1995,559 954 8991
vi1548,female,Valerie Bertinelli,Television,6912 Hollywood Blvd.,Oct 21 1950,805 300 5712
ll4719,female,Lucille Ball,Motion pictures,6436 Hollywood Blvd.,Mar 15 1974,510 320 1686
kn4837,female,Kathryn Grayson,Motion pictures,1600 Vine Street,Jan 8 1958,818 532 1274
ty3040,male,Tim McCoy,Motion pictures,1600 Vine Street,Oct 25 1975,415 667 8141
an1970,male,Anthony Mann,Motion pictures,6229 Hollywood Blvd.,Apr 13 1974,831 332 2053
yn7752,undefined,Yehudi Menuhin,Recording,6710 Hollywood Blvd.,May 3 1947,650 631 9726
ge5653,female,Gypsy Rose Lee,Motion pictures,6351 Hollywood Blvd.,Dec 27 1928,925 241 2684
tt4501,female,Teresa Wright,Television,6405 Hollywood Blvd.,Mar 5 1913,415 216 7298
wn3253,male,William Friedkin,Motion pictures,6925 Hollywood Blvd.,Dec 25 1936,530 110 2628
by6339,male,Bob Crosby,Television,6252 Hollywood Blvd.,Jan 18 1955,559 934 4284
se2924,undefined,Smiley Burnette,Motion pictures,6125 Hollywood Blvd.,Sep 19 1913,310 226 6300
rn1862,male,Richard Arlen,Motion pictures,6755 Hollywood Blvd.,Apr 19 1974,858 405 8131
ls5140,male,Lanny Ross,Radio,6777 Hollywood Blvd,Jan 1 1916,626 618 5942
as7846,female,Agnes Ayres,Motion pictures,6504 Hollywood Blvd.,Aug 16 1954,415 534 5461
wr1627,male,William Shatner,Television,6901 Hollywood Blvd.,Jul 26 1920,909 615 1524
as6372,male,Allan Jones,Recording,6100 Hollywood Blvd.,May 23 1964,916 904 9543
eo4757,male,Enrico Caruso,Recording,6625 Hollywood Blvd.,Dec 24 1924,619 210 3582
vs9082,undefined,Victoria's Secret Angels,Special,6800 Hollywood Blvd.,May 19 1977,650 666 3977
bk5267,male,Buddy Clark,Recording,6800 Hollywood Blvd.,Oct 7 1969,951 542 3752
jr5155,female,Jane Seymour,Television,7000 Hollywood Blvd.,Oct 7 1954,760 499 4637
ws3881,undefined,W. C. Fields,Motion pictures,7004 Hollywood Blvd.,Jan 18 1901,916 789 3090
jy4213,male,Jack Conway,Motion pictures,1500 Vine Street,Dec 1 1918,619 776 6098
ur1944,male,Usher,Recording,6201 Hollywood Blvd.,Jun 9 1926,213 659 2295
cm4075,male,Casey Kasem,Radio,6931 Hollywood Blvd.,Feb 14 1906,831 265 4704
jn2022,female,Jennifer Aniston,Motion pictures,6270 Hollywood Blvd.,May 25 1947,559 492 6259
bh4011,male,Brian Keith,Television,7021 Hollywood Blvd.,Nov 10 1955,209 320 5803
rn6888,male,Rudolf Serkin,Recording,1751 Vine Street,Jan 3 1991,951 470 4649
jr4530,female,Jackie Cooper,Motion pictures,1507 Vine Street,Feb 11 1932,707 912 1859
cs5410,male,Charles Walters,Motion pictures,6402 Hollywood Blvd.,Apr 26 1959,415 237 9547
mr4267,female,Marie Dressler,Motion pictures,1731 Vine Street,Feb 8 1931,707 451 8958
cy3841,male,Chris Farley,Motion pictures,6366 Hollywood Blvd.,Jul 4 1900,805 879 5562
jy7959,male,Jack Benny,Television,6370 Hollywood Blvd.,Feb 18 1949,916 447 5947
gn4496,female,Gloria Estefan,Recording,7021 Hollywood Blvd.,Oct 11 1952,650 976 6221
jy1148,male,Jerry Dunphy,Television,6669 Hollywood Blvd.,Mar 14 1903,650 181 6951
dl2402,female,Deidre Hall,Television,6201 Hollywood Blvd.,Jan 19 1946,510 250 3212
mn9237,male,Marshall Neilan,Motion pictures,6241 Hollywood Blvd.,Jul 14 1987,760 932 7385
pn6663,male,Philip Ahn,Motion pictures,6211 Hollywood Blvd.,Mar 27 1905,707 957 3568
el1268,male,Everett Mitchell,Radio,6254 Hollywood Blvd.,Jun 7 1979,925 583 7165
cw3062,male,Charles McGraw,Television,6927 Hollywood Blvd.,Sep 9 1928,323 889 8807
rs6138,male,Ryan Reynolds,Motion pictures,6801 Hollywood Blvd.,Dec 5 1933,562 512 3395
fr4560,male,Fritz Kreisler,Recording,6655 Hollywood Blvd.,Jan 28 1980,760 704 3626
rs2759,undefined,Rascal Flatts,Recording,6664 Hollywood Blvd.,Mar 7 1950,650 919 1535
ry2699,female,Ruth Hussey,Motion pictures,1551 Vine Street,Oct 12 1923,760 430 9864
ke5938,male,Kevin Kline,Motion pictures,7000 Hollywood Blvd.,Oct 2 1962,209 750 5220
ds5515,male,Doug Morris,Recording,6259 Hollywood Blvd.,May 6 1900,562 607 8462
fn4872,male,Fred Allen,Television,7001 Hollywood Blvd.,Jan 3 1949,213 910 6107
mn7302,female,Mary Martin,Radio,6609 Hollywood Blvd.,Jul 10 1994,650 879 8600
rg8397,male,Robert Young,Motion pictures,6933 Hollywood Blvd.,Apr 22 1947,909 939 3895
hd2200,male,Harrison Ford,Motion pictures,6665 Hollywood Blvd,Sep 19 1973,650 686 3443
tr6434,male,Tyrone Power,Motion pictures,6747 Hollywood Blvd.,Feb 20 1958,805 392 5211
kr4129,female,Kim Hunter,Television,1715 Vine Street,Aug 0 1922,661 492 2690
je1585,male,John Forsythe,Television,6549 Hollywood Blvd.,May 25 1952,818 259 6046
ls5808,undefined,Leeza Gibbons,Television,7021 Hollywood Blvd.,Jun 19 1983,310 728 9376
bs3893,male,Bob Burns,Motion pictures,1601 Vine Street,Feb 23 1957,562 318 4034
be3130,male,Basil Rathbone,Radio,6300 Hollywood Blvd.,Sep 8 1923,323 774 6020
an4077,male,Alec Templeton,Radio,1724 Vine Street,Nov 26 1930,650 738 2819
ci2831,female,Cristina Saralegui,Television,7060 Hollywood Blvd.,Aug 13 1935,213 891 8799
sg1752,male,Sting,Recording,6834 Hollywood Blvd.,Sep 25 1966,562 514 1276
hs5228,male,Harold Robbins,Motion pictures,6743 Hollywood Blvd.,Dec 19 1944,209 553 4206
do2811,female,Dolores Costello,Motion pictures,1645 Vine Street,May 1 1916,818 758 1194
er8835,male,Eddie Fisher,Television,1724 Vine Street,Aug 25 1991,530 140 9892
gl6205,male,George Marshall,Motion pictures,7048 Hollywood Blvd.,Feb 13 1921,909 818 2591
sn7123,female,Spring Byington,Motion pictures,6507 Hollywood Blvd.,Nov 2 1925,661 399 1135
jr5300,male,John Lasseter,Motion pictures,6834 Hollywood Blvd.,Apr 20 1992,831 581 4992
en5212,male,Earl Godwin,Radio,6201 Hollywood Blvd.,Mar 13 1911,714 744 3168
ve3686,male,Vincent Price,Television,6501 Hollywood Blvd.,Mar 12 1936,559 420 9588
pn1099,female,Penny Singleton,Motion pictures,6547 Hollywood Blvd.,Nov 22 1963,707 236 9190
jh9050,male,Jack Smith,Radio,6145 Hollywood Blvd.,May 14 1908,626 480 7606
ps3197,undefined,Parkyakarkus,Radio,1708 Vine Street,Apr 5 1903,626 152 3186
mo8888,female,Marie Doro,Motion pictures,1725 Vine Street,Jul 13 1951,805 738 2033
hn5498,male,Harry Joe Brown,Motion pictures,1777 Vine Street,Jun 18 1966,916 935 2986
le9747,male,Little Jack Little,Radio,6618 Hollywood Blvd.,Sep 21 1995,310 138 1925
fd2975,female,Frances Langford,Radio,1525 Vine Street,Apr 5 1926,951 215 9744
bn4158,female,Barbara Bain,Television,6767 Hollywood Blvd.,Apr 0 1939,831 206 5576
lr9009,male,Les Baxter,Recording,6314 Hollywood Blvd.,Sep 26 1901,650 856 6395
by2758,undefined,Bing Crosby,Radio,6769 Hollywood Blvd.,Jul 9 1944,805 525 7351
cd9605,female,Carole Lombard,Motion pictures,6930 Hollywood Blvd.,Jul 15 1955,949 967 7558
kr4553,male,Kurt Kreuger,Motion pictures,1560 Vine Street,Jul 11 1962,209 726 1050
tl2765,male,Thomas Mitchell,Motion pictures,1651 Vine Street,Dec 13 1997,760 487 1803
cb7519,male,Clifton Webb,Motion pictures,6850 Hollywood Blvd,Oct 13 1923,805 810 1203
en5018,male,Elvis Duran,Radio,1717 Vine Street,Dec 16 1931,858 241 5683
dy5056,male,Don Murray,Motion pictures,6385 Hollywood Blvd.,Jul 24 1982,858 926 1023
hn7081,female,Helen Ferguson,Motion pictures,6153 Hollywood Blvd.,Sep 18 1986,818 136 7021
jy2870,male,John Fogerty,Recording,7000 Hollywood Blvd.,Apr 25 1948,323 925 5473
bt6768,male,Bob Newhart,Television,6381 Hollywood Blvd.,May 17 1925,408 440 8565
ar3742,male,Adolph Zukor,Motion pictures,1617 Vine Street,Sep 28 1908,707 795 3835
ln6928,male,Leroy Anderson,Recording,1620 Vine Street,Apr 13 1934,510 459 6041
js9943,male,John Chambers,Motion pictures,7006 Hollywood Blvd.,Mar 16 1993,408 182 2938
pl2469,female,Paula Abdul,Recording,7021 Hollywood Blvd.,Feb 10 1993,619 341 6589
jn5830,female,Jane Froman,Radio,6321 Hollywood Blvd.,Jul 12 1906,760 971 9695
oy2726,male,Oliver Hardy,Motion pictures,1500 Vine Street,Mar 5 1907,323 290 4519
ey2107,male,Edgar Kennedy,Motion pictures,6901 Hollywood Blvd.,Aug 21 1962,951 637 2368
gs1735,male,Gil Cates,Motion pictures,7065 Hollywood Blvd.,Apr 13 1921,818 395 1006
fy9588,male,Frank Fay,Motion pictures,6282 Hollywood Blvd.,Jul 25 1911,626 671 8560
lr9983,male,Louis B. Mayer,Motion pictures,1637 Vine Street,Aug 21 1985,415 339 5017
my8227,female,Myrna Loy,Motion pictures,6685 Hollywood Blvd.,Nov 14 1987,707 716 7850
mf6423,male,Morris Stoloff,Recording,6702 Hollywood Blvd.,Aug 9 1936,909 988 7330
ds3590,female,Diana Ross,Recording,6712 Hollywood Blvd.,Mar 13 1923,925 297 9391
le8309,male,Lionel Richie,Recording,7018 Hollywood Blvd.,Apr 27 1950,619 968 8024
jd3488,male,John Howard,Television,6515 Hollywood Blvd.,Apr 24 1980,408 340 4412
le4048,female,Laura La Plante,Motion pictures,6378 Hollywood Blvd.,Dec 3 1969,818 136 6160
tn8624,male,Ted Danson,Television,7021 Hollywood Blvd.,Mar 11 1965,949 932 4308
cl6133,male,Chris O'Donnell,Television,6681 Hollywood Blvd.,Sep 19 1940,209 948 8858
cr4550,female,Constance Collier,Motion pictures,6231 Hollywood Blvd.,Oct 1 1966,619 571 9775
mr4069,female,Marilyn Miller,Motion pictures,6301 Hollywood Blvd.,Aug 0 1931,650 410 5466
jn8195,male,James Dunn,Television,7010 Hollywood Blvd.,Sep 16 1991,650 926 6594
gn2158,male,George Seaton,Motion pictures,1752 Vine Street,May 21 1968,510 634 9470
ie7230,undefined,Ilka Chase,Television,6751 Hollywood Blvd.,Mar 22 1968,619 132 5754
rn6224,male,Roger Corman,Motion pictures,7013 Hollywood Blvd.,Oct 7 1970,925 184 8109
gs4648,female,Georgia Gibbs,Recording,6404 Hollywood Blvd.,Sep 14 1915,714 778 6418
cz8397,male,Charles M. Schulz,Television,7021 Hollywood Blvd.,May 25 1943,831 475 1507
jn9330,male,Jack Lemmon,Motion pictures,6357 Hollywood Blvd.,Apr 2 1919,805 841 2810
gx7258,undefined,Groucho Marx,Television,1734 Vine Street,Jan 12 1909,661 377 3331
rg7491,male,Robert Sterling,Television,1709 Vine Street,May 6 1987,909 946 4381
gg8107,male,George Shearing,Recording,1716 Vine Street,Aug 10 1977,650 983 1492
ms3488,male,Mac Davis,Recording,7080 Hollywood Blvd.,Jul 21 1935,760 626 6685
mn6035,female,Mary Anderson,Motion pictures,1645 Vine Street,Feb 14 1925,323 477 2924
dh6897,undefined,D. W. Griffith,Motion pictures,6535 Hollywood Blvd.,Nov 22 1903,209 384 8321
ds9468,male,Donald Woods,Television,6260 Hollywood Blvd.,Jul 12 1952,909 817 5750
ce2481,male,Chuck Lorre,Television,7021 Hollywood Blvd.,Jun 25 1908,831 264 9099
hr2138,undefined,Haskell Wexler,Motion pictures,7070 Hollywood Blvd.,Feb 10 1947,415 160 7159
ly7952,male,Lon Chaney,Motion pictures,7046 Hollywood Blvd.,Mar 11 1970,714 850 7953
ga4442,male,Gregory La Cava,Motion pictures,6906 Hollywood Blvd.,Feb 20 1915,310 730 1040
wm3482,male,William Faversham,Motion pictures,1724 Vine Street,Jun 21 1972,951 553 6199
be3864,male,Bob Hope,Television,6758 Hollywood Blvd.,Jun 2 1900,831 397 2713
rl5774,male,Robert Merrill,Recording,6763 Hollywood Blvd.,Apr 4 1986,707 735 6276
en3334,male,Edgar Bergen,Motion pictures,6766 Hollywood Blvd.,Mar 28 1916,951 123 1541
mr3668,female,Michelle Pfeiffer,Motion pictures,6801 Hollywood Blvd.,May 8 1903,562 622 3985
ji4000,male,Joseph Szigeti,Recording,6600 Hollywood Blvd.,Apr 26 1919,661 222 4407
ma8626,female,Maureen O'Hara,Motion pictures,7004 Hollywood Blvd.,Dec 5 1936,626 284 4826
jt1299,male,John Nesbitt,Radio,6200 Hollywood Blvd.,Feb 14 1945,805 256 1515
ty6805,male,Tommy Dorsey,Recording,6675 Hollywood Blvd.,Nov 22 1930,707 509 3328
je3339,male,John Wayne,Motion pictures,1541 Vine Street,May 28 1923,858 215 6740
hr8772,male,Hugo Winterhalter,Recording,1600 Vine Street,Sep 27 1910,530 515 7146
me5157,female,Marguerite De La Motte,Motion pictures,6902 Hollywood Blvd.,Feb 7 1904,818 308 6401
as8379,female,Anne Francis,Television,1611 Vine Street,Aug 4 1940,209 969 8095
de6476,male,Daniel Radcliffe,Motion pictures,6801 Hollywood Blvd.,Jan 15 1905,805 152 4633
rt5686,male,Robert Goulet,Recording,6368 Hollywood Blvd.,Nov 3 1969,714 346 7685
ch1026,male,Charles Butterworth,Motion pictures,7036 Hollywood Blvd.,Jul 2 1919,661 252 2913
as2466,female,Arlene Francis,Television,1734 Vine Street,Nov 15 1948,559 346 2908
ss2010,female,Sharon Gless,Television,7065 Hollywood Blvd.,Aug 27 1989,530 916 9586
rn9113,female,Ruth Roman,Television,6672 Hollywood Blvd.,Jun 1 1932,909 423 9176
kd1977,male,Ken Maynard,Motion pictures,6751 Hollywood Blvd.,Oct 3 1970,310 854 6406
ce2351,undefined,Cliffie Stone,Radio,1501 Vine Street,Apr 9 1993,530 110 9749
cn3884,male,Cecil Brown,Radio,6410 Hollywood Blvd.,Jun 16 1904,530 314 4108
bn9585,male,Benny Goodman,Recording,6101 Hollywood Blvd.,Oct 18 1974,661 108 1775
re8968,male,Roger Moore,Motion pictures,7007 Hollywood Blvd.,Oct 20 1914,626 408 6073
gn9310,undefined,Greer Garson,Motion pictures,1651 Vine Street,Mar 11 1937,530 714 9497
hl1673,female,Helen Traubel,Recording,6422 Hollywood Blvd.,Oct 26 1905,213 942 4304
js1663,male,Jack Jones,Recording,6104 Hollywood Blvd.,May 23 1938,661 370 1792
sn5545,undefined,Slim Whitman,Recording,1709 Vine Street,Aug 27 1956,858 772 7092
ay6786,female,Angela Lansbury,Motion pictures,6623 Hollywood Blvd,Dec 8 1931,530 786 1131
ve2487,female,Vera Vague,Motion pictures,1720 Vine Street,Nov 20 1940,323 760 5137
is1387,male,Irving Cummings,Motion pictures,6816 Hollywood Blvd.,May 12 1932,818 539 3692
ps2683,male,Paul Williams,Recording,6931 Hollywood Blvd.,Oct 24 1924,562 482 3431
rn3054,undefined,Red Skelton,Television,6650 Hollywood Blvd.,Feb 0 1998,818 522 3223
ts4466,undefined,The Monkees,Television,6675 Hollywood Blvd.,Sep 9 1906,510 134 5516
bs6572,male,Bruce Willis,Motion pictures,6915 Hollywood Blvd.,Dec 8 1964,415 886 9867
ms3580,female,Marlo Thomas,Television,6904 Hollywood Blvd.,Dec 11 1988,650 829 5859
ay2698,female,Anne Murray,Recording,1750 Vine Street,Dec 27 1939,510 586 5337
er2359,undefined,Erroll Garner,Recording,6363 Hollywood Blvd.,Jun 11 1998,818 915 6531
we2721,male,William Beaudine,Motion pictures,1777 Vine Street,Oct 19 1940,909 916 3765
ln1622,female,Lois Wilson,Motion pictures,6933 Hollywood Blvd.,Jul 26 1996,213 711 4903
